,asin,average_overall,median_overall,unique_reviewer_ids,average_summary_length,median_summary_length
0,1384719342,5.0,5.0,5,18.8,20.0
1,B00004Y2UT,4.666666666666667,5.0,6,31.333333333333332,35.0
2,B00005ML71,3.8,4.0,5,24.2,26.0
3,B000068NSX,4.571428571428571,5.0,7,36.42857142857143,35.0
4,B000068NTU,4.8,5.0,5,21.2,14.0
5,B000068NVI,4.538461538461538,5.0,13,20.846153846153847,16.0
6,B000068NW5,4.461538461538462,5.0,52,23.192307692307693,21.0
7,B000068NZC,4.142857142857143,5.0,7,24.0,18.0
8,B000068NZG,4.6,5.0,5,36.8,25.0
9,B000068O1N,4.888888888888889,5.0,9,25.11111111111111,22.0
10,B000068O3D,4.857142857142857,5.0,7,26.285714285714285,26.0
11,B000068O3X,4.764705882352941,5.0,17,19.764705882352942,18.0
12,B000068O4H,4.4,5.0,10,19.7,17.0
13,B000068O59,4.666666666666667,5.0,6,28.833333333333332,17.5
14,B00006LVEU,4.642857142857143,5.0,14,25.357142857142858,24.0
15,B00009W40D,4.5,4.5,6,19.5,16.0
16,B00009W40G,4.0,4.0,6,29.833333333333332,33.0
17,B0000AQRSR,4.4,4.0,5,26.0,22.0
18,B0000AQRSS,4.428571428571429,4.0,7,22.714285714285715,15.0
19,B0000AQRST,4.7272727272727275,5.0,11,24.727272727272727,21.0
20,B0000AQRSU,4.529411764705882,5.0,17,20.647058823529413,21.0
21,B000165DSM,4.166666666666667,4.5,18,30.444444444444443,29.5
22,B0001FTVD6,4.916666666666667,5.0,12,28.833333333333332,31.5
23,B0002BACB4,5.0,5.0,7,23.142857142857142,16.0
24,B0002CZR3G,4.166666666666667,4.0,6,31.333333333333332,29.5
25,B0002CZSJO,4.607142857142857,5.0,28,27.5,23.0
26,B0002CZSJY,4.636363636363637,5.0,22,15.727272727272727,12.5
27,B0002CZST4,4.818181818181818,5.0,11,18.545454545454547,14.0
28,B0002CZT0M,4.375,4.5,8,19.125,23.0
29,B0002CZTIO,4.125,4.0,16,17.375,17.0
30,B0002CZUTM,4.636363636363637,5.0,11,28.818181818181817,25.0
31,B0002CZUUG,4.545454545454546,5.0,22,29.363636363636363,28.5
32,B0002CZV46,4.4,5.0,10,23.8,15.0
33,B0002CZV78,5.0,5.0,6,21.5,21.0
34,B0002CZV7I,4.333333333333333,4.0,6,24.333333333333332,16.0
35,B0002CZV82,4.05,5.0,20,30.95,30.0
36,B0002CZVA0,4.444444444444445,4.0,9,26.77777777777778,26.0
37,B0002CZVB4,4.8,5.0,5,16.0,13.0
38,B0002CZVBE,4.615384615384615,5.0,13,27.846153846153847,20.0
39,B0002CZVHI,5.0,5.0,7,20.0,19.0
40,B0002CZVI2,4.7,5.0,10,21.9,23.0
41,B0002CZVK0,4.375,5.0,24,23.0,23.0
42,B0002CZVW8,4.833333333333333,5.0,6,23.5,24.5
43,B0002CZVWS,4.6875,5.0,16,23.3125,23.0
44,B0002CZVXM,4.5,5.0,74,26.486486486486488,25.0
45,B0002CZVZK,4.4,5.0,5,15.6,16.0
46,B0002CZW0Y,4.217391304347826,4.0,46,19.956521739130434,18.0
47,B0002CZZW4,4.625,5.0,16,17.1875,17.5
48,B0002D0096,4.75,5.0,8,28.5,32.0
49,B0002D01IG,4.8,5.0,5,25.0,28.0
50,B0002D01K4,4.888888888888889,5.0,18,22.77777777777778,15.0
51,B0002D01KO,4.111111111111111,4.0,9,16.444444444444443,12.0
52,B0002D01PY,4.428571428571429,5.0,7,27.857142857142858,26.0
53,B0002D02IU,4.833333333333333,5.0,6,23.0,25.0
54,B0002D02RQ,4.384615384615385,5.0,13,26.846153846153847,17.0
55,B0002D05FU,4.857142857142857,5.0,7,17.857142857142858,14.0
56,B0002D070I,4.4,5.0,5,12.0,10.0
57,B0002D0B4K,4.777777777777778,5.0,9,24.0,21.0
58,B0002D0C1C,4.4,5.0,5,22.0,23.0
59,B0002D0CA8,4.7,5.0,10,22.8,18.0
60,B0002D0CAI,4.545454545454546,5.0,11,21.363636363636363,12.0
61,B0002D0CEO,4.818181818181818,5.0,55,21.4,16.0
62,B0002D0CGC,4.52,5.0,25,21.2,11.0
63,B0002D0CGM,4.857142857142857,5.0,7,21.714285714285715,16.0
64,B0002D0CGW,4.769230769230769,5.0,13,29.153846153846153,24.0
65,B0002D0CIK,4.3076923076923075,4.0,13,20.846153846153847,18.0
66,B0002D0CKI,4.090909090909091,4.5,22,26.318181818181817,26.5
67,B0002D0CL2,4.6923076923076925,5.0,13,27.53846153846154,24.0
68,B0002D0CLC,4.25,5.0,12,24.916666666666668,22.0
69,B0002D0CLM,3.6666666666666665,4.0,9,26.77777777777778,25.0
70,B0002D0CNA,4.857142857142857,5.0,14,21.285714285714285,18.5
71,B0002D0COE,4.0,4.0,22,25.227272727272727,20.0
72,B0002D0CQC,4.551724137931035,5.0,29,24.413793103448278,21.0
73,B0002D0DWK,4.545454545454546,5.0,11,21.454545454545453,17.0
74,B0002D0E8S,4.682926829268292,5.0,41,20.463414634146343,20.0
75,B0002D0HY4,4.166666666666667,4.5,6,24.166666666666668,23.5
76,B0002D0JZ6,4.777777777777778,5.0,9,26.555555555555557,24.0
77,B0002D0KOG,4.818181818181818,5.0,11,23.545454545454547,21.0
78,B0002D0L40,4.571428571428571,5.0,7,19.142857142857142,11.0
79,B0002D0LKY,4.0,5.0,7,19.0,19.0
80,B0002D0LM2,5.0,5.0,5,18.2,20.0
81,B0002D0MFI,5.0,5.0,5,39.0,31.0
82,B0002D0N70,4.714285714285714,5.0,7,36.714285714285715,36.0
83,B0002D0PB4,4.333333333333333,5.0,6,25.166666666666668,16.5
84,B0002D0Q2W,4.333333333333333,5.0,15,19.333333333333332,16.0
85,B0002DUPZK,4.833333333333333,5.0,6,28.5,25.0
86,B0002DUPZU,4.5,4.5,6,34.833333333333336,34.0
87,B0002DUQ04,4.6,5.0,5,25.6,23.0
88,B0002DURNK,4.9,5.0,10,30.6,31.5
89,B0002DUS8E,4.6,5.0,5,21.8,19.0
90,B0002DV6RQ,4.384615384615385,5.0,13,21.307692307692307,21.0
91,B0002DV7U2,4.066666666666666,5.0,15,29.333333333333332,24.0
92,B0002DV7ZM,4.793103448275862,5.0,29,22.620689655172413,19.0
93,B0002DVBJY,5.0,5.0,5,26.4,26.0
94,B0002E1G5C,4.580419580419581,5.0,143,21.51048951048951,18.0
95,B0002E1H9W,4.666666666666667,5.0,21,28.761904761904763,26.0
96,B0002E1I2I,4.375,4.5,8,29.75,25.5
97,B0002E1J3Q,4.363636363636363,5.0,11,24.363636363636363,22.0
98,B0002E1J5E,4.222222222222222,4.0,9,23.555555555555557,17.0
99,B0002E1NNC,4.8,5.0,5,18.2,18.0
100,B0002E1NNM,4.5,5.0,8,29.875,22.5
101,B0002E1NQ4,4.875,5.0,8,22.25,21.0
102,B0002E1NQE,4.8,5.0,5,34.0,39.0
103,B0002E1O2C,4.65625,5.0,32,26.90625,23.5
104,B0002E1O2M,4.285714285714286,5.0,14,22.071428571428573,20.5
105,B0002E1O2W,4.142857142857143,4.0,7,20.285714285714285,16.0
106,B0002E1O3G,4.4375,5.0,16,25.5625,21.0
107,B0002E1O5E,4.733333333333333,5.0,15,26.4,23.0
108,B0002E1O7M,4.75,5.0,8,21.375,17.5
109,B0002E1O7W,4.9,5.0,10,32.7,24.5
110,B0002E1O90,5.0,5.0,5,19.0,14.0
111,B0002E1OVS,4.4,4.0,5,26.0,25.0
112,B0002E2EOE,4.333333333333333,5.0,6,25.833333333333332,16.0
113,B0002E2G24,4.0,4.0,5,22.4,23.0
114,B0002E2G2O,4.0,4.0,5,31.6,26.0
115,B0002E2GMY,4.304347826086956,5.0,23,22.0,16.0
116,B0002E2KPC,4.5,5.0,68,20.83823529411765,19.5
117,B0002E2S36,4.714285714285714,5.0,14,27.714285714285715,26.0
118,B0002E2TTO,4.333333333333333,4.5,6,21.166666666666668,19.5
119,B0002E2VXS,4.8,5.0,5,30.6,29.0
120,B0002E2XCW,4.866666666666666,5.0,45,21.288888888888888,19.0
121,B0002E2Z8Y,4.333333333333333,5.0,9,14.88888888888889,12.0
122,B0002E37G8,4.5,5.0,6,23.333333333333332,20.5
123,B0002E37MM,3.4,5.0,5,21.2,20.0
124,B0002E382Q,4.6,5.0,5,20.8,15.0
125,B0002E3830,4.833333333333333,5.0,6,16.5,15.0
126,B0002E38AS,4.555555555555555,5.0,9,21.666666666666668,16.0
127,B0002E38B2,4.833333333333333,5.0,12,26.416666666666668,19.0
128,B0002E3A8S,4.2,4.0,5,20.8,18.0
129,B0002E3B78,4.090909090909091,4.0,11,19.0,18.0
130,B0002E3CHC,4.5227272727272725,5.0,44,24.0,20.5
131,B0002E3DGC,4.285714285714286,5.0,7,18.142857142857142,17.0
132,B0002E3DLM,4.333333333333333,5.0,9,30.666666666666668,28.0
133,B0002E3DNK,4.5,5.0,10,26.6,19.0
134,B0002E3FCO,3.5714285714285716,4.0,7,22.142857142857142,22.0
135,B0002E3MRW,3.4,4.0,5,28.0,21.0
136,B0002E4Z8M,5.0,5.0,6,47.333333333333336,50.5
137,B0002E51ZS,4.428571428571429,5.0,7,23.428571428571427,20.0
138,B0002E5266,4.428571428571429,4.0,7,22.142857142857142,22.0
139,B0002E528E,4.833333333333333,5.0,6,18.833333333333332,13.5
140,B0002E52RU,5.0,5.0,7,22.142857142857142,20.0
141,B0002E54FK,4.333333333333333,5.0,6,19.833333333333332,18.0
142,B0002E54ZU,4.857142857142857,5.0,7,23.857142857142858,26.0
143,B0002E5518,4.888888888888889,5.0,9,30.22222222222222,30.0
144,B0002F4MKC,4.857142857142857,5.0,7,15.0,11.0
145,B0002F4VBM,4.5,5.0,16,31.375,29.0
146,B0002F519I,4.555555555555555,5.0,9,22.666666666666668,20.0
147,B0002F52EW,4.833333333333333,5.0,6,22.0,14.5
148,B0002F58TG,4.625,5.0,16,26.5625,22.0
149,B0002F6RSM,4.333333333333333,4.5,6,21.166666666666668,22.0
150,B0002F73YY,4.375,4.5,8,33.25,25.5
151,B0002F741Q,4.625,5.0,8,27.0,16.0
152,B0002F75K6,4.3,4.5,10,25.0,21.0
153,B0002F77B8,4.777777777777778,5.0,9,32.0,30.0
154,B0002F7IIK,4.809523809523809,5.0,21,22.571428571428573,21.0
155,B0002F7IN0,4.722222222222222,5.0,18,21.055555555555557,13.5
156,B0002F7K7Y,4.620689655172414,5.0,116,24.974137931034484,22.5
157,B0002FO9QY,4.7,5.0,10,18.1,17.0
158,B0002FOBJY,4.714285714285714,5.0,7,23.0,21.0
159,B0002GIRP2,4.923076923076923,5.0,13,24.692307692307693,21.0
160,B0002GIW3Y,4.6,5.0,5,21.0,25.0
161,B0002GJ3E6,4.4,5.0,5,37.2,32.0
162,B0002GJ3ZA,4.5,5.0,6,24.333333333333332,9.5
163,B0002GJ6FC,4.05,4.5,20,26.9,25.5
164,B0002GJILE,4.75,5.0,8,22.25,20.0
165,B0002GL7ZO,4.714285714285714,5.0,7,29.571428571428573,26.0
166,B0002GLCRC,4.8108108108108105,5.0,37,28.72972972972973,25.0
167,B0002GLDQM,4.373134328358209,5.0,67,20.35820895522388,17.0
168,B0002GMGYA,4.362068965517241,5.0,58,20.413793103448278,17.0
169,B0002GML4U,4.875,5.0,8,25.5,21.5
170,B0002GOJZO,4.636363636363637,5.0,11,24.272727272727273,25.0
171,B0002GOK08,4.8,5.0,5,18.0,13.0
172,B0002GTZR6,4.583333333333333,5.0,12,23.916666666666668,21.0
173,B0002GW3Y8,4.615384615384615,5.0,13,21.76923076923077,19.0
174,B0002GWFEQ,4.787878787878788,5.0,33,20.757575757575758,16.0
175,B0002GWXKC,4.6,5.0,5,16.0,13.0
176,B0002GX5NG,3.909090909090909,5.0,11,27.272727272727273,25.0
177,B0002GX6V2,3.625,3.5,8,33.125,31.0
178,B0002GXF8Q,4.575757575757576,5.0,33,24.87878787878788,17.0
179,B0002GXPRM,4.352941176470588,5.0,17,19.529411764705884,15.0
180,B0002GXRF2,4.8,5.0,5,14.2,15.0
181,B0002GXV2Q,4.4375,5.0,16,18.3125,12.5
182,B0002GXV3A,4.0,5.0,7,32.857142857142854,24.0
183,B0002GXZK4,4.590909090909091,5.0,22,30.181818181818183,27.5
184,B0002GYW4C,4.457142857142857,5.0,35,24.114285714285714,18.0
185,B0002GYYD6,4.25,5.0,8,21.0,20.5
186,B0002GYYDQ,3.8333333333333335,4.0,6,20.333333333333332,15.5
187,B0002GZ052,4.571428571428571,5.0,7,23.857142857142858,22.0
188,B0002GZBLU,4.866666666666666,5.0,15,24.066666666666666,23.0
189,B0002GZBNS,4.428571428571429,5.0,7,14.142857142857142,10.0
190,B0002GZBO2,3.8,5.0,5,21.8,22.0
191,B0002GZLZQ,4.545454545454546,5.0,11,28.90909090909091,29.0
192,B0002GZM00,4.735294117647059,5.0,34,23.647058823529413,20.0
193,B0002GZQ1U,4.8,5.0,5,33.4,33.0
194,B0002GZTT4,4.5,4.5,8,20.375,18.5
195,B0002H02IG,4.444444444444445,5.0,18,24.0,23.0
196,B0002H03YY,4.666666666666667,5.0,6,32.833333333333336,32.0
197,B0002H04NE,4.4,5.0,15,23.733333333333334,20.0
198,B0002H0A3S,4.655913978494624,5.0,93,22.06451612903226,18.0
199,B0002H0FMO,4.666666666666667,5.0,12,27.583333333333332,21.5
200,B0002H0H4A,4.125,4.0,8,20.75,17.5
201,B0002H0JZC,4.375,5.0,8,26.75,22.0
202,B0002H0KG0,4.666666666666667,5.0,6,20.5,19.5
203,B0002H0LQO,4.8,5.0,10,19.2,16.5
204,B0002H0N76,4.5,5.0,8,22.375,21.5
205,B0002H0SKS,3.2,3.0,5,56.6,60.0
206,B0002HLL8G,4.777777777777778,5.0,9,26.77777777777778,24.0
207,B0002IAJ56,4.611111111111111,5.0,18,22.5,20.5
208,B0002IHFVM,4.204081632653061,5.0,49,23.428571428571427,22.0
209,B0002IHGZC,4.875,5.0,8,19.625,16.5
210,B0002IHP0S,4.846153846153846,5.0,13,21.615384615384617,20.0
211,B0002II6V0,4.071428571428571,4.5,14,24.142857142857142,17.5
212,B0002KYXTM,3.2142857142857144,4.0,14,28.071428571428573,26.5
213,B0002KZAKS,4.75,5.0,24,22.708333333333332,19.5
214,B0002KZDN2,4.714285714285714,5.0,7,35.42857142857143,27.0
215,B0002KZE7C,4.52,5.0,25,26.32,19.0
216,B0002KZEAE,4.5,5.0,12,20.666666666666668,17.5
217,B0002KZEMC,4.0,5.0,11,22.0,18.0
218,B0002KZFYE,4.857142857142857,5.0,7,15.428571428571429,14.0
219,B0002KZHQA,4.833333333333333,5.0,6,25.0,25.0
220,B0002KZISM,4.375,5.0,8,15.125,12.0
221,B0002KZIV4,4.375,5.0,8,21.125,17.5
222,B0002KZIVY,4.2,5.0,15,26.266666666666666,27.0
223,B0002KZQ34,4.625,5.0,8,27.125,26.0
224,B0002M3OVI,4.5,5.0,24,27.166666666666668,23.0
225,B0002M6B2M,4.352941176470588,4.0,17,19.352941176470587,15.0
226,B0002M6CVC,4.782608695652174,5.0,46,17.956521739130434,15.5
227,B0002M6CW6,4.653846153846154,5.0,26,29.076923076923077,23.5
228,B0002M728Y,4.555555555555555,5.0,9,21.11111111111111,20.0
229,B0002M72JS,4.5,5.0,6,17.0,10.5
230,B0002MDTVS,4.444444444444445,5.0,9,28.666666666666668,20.0
231,B0002MJTZ8,4.8,5.0,5,20.8,14.0
232,B0002MSQVQ,4.6,5.0,10,26.5,24.5
233,B0002OOMU8,4.434782608695652,5.0,46,18.0,13.5
234,B0002OOMW6,4.555555555555555,5.0,18,22.22222222222222,16.0
235,B0002OP7VQ,4.2,4.0,5,32.8,36.0
236,B0002OS9FC,5.0,5.0,6,22.833333333333332,21.5
237,B0002PBS5Y,4.333333333333333,4.0,6,20.666666666666668,20.5
238,B0002PBS68,4.857142857142857,5.0,7,24.428571428571427,16.0
239,B0002PBS6I,4.916666666666667,5.0,12,30.333333333333332,30.5
240,B0002PBS6S,4.636363636363637,5.0,11,17.818181818181817,13.0
241,B0002T67J2,4.7272727272727275,5.0,11,17.90909090909091,17.0
242,B0002Y6BJI,4.666666666666667,5.0,9,19.11111111111111,13.0
243,B0002Z2CZY,4.1,4.0,10,20.4,18.0
244,B0002Z2D08,3.2857142857142856,3.0,7,34.142857142857146,33.0
245,B0002Z2D0I,3.9,4.0,10,28.5,27.0
246,B0002ZO3LK,3.857142857142857,5.0,7,33.42857142857143,27.0
247,B0002ZO60I,4.857142857142857,5.0,7,18.142857142857142,16.0
248,B0002ZPK0S,4.428571428571429,5.0,7,22.142857142857142,24.0
249,B0002ZPK5I,4.583333333333333,5.0,12,19.75,17.5
250,B00062GRXQ,4.333333333333333,4.5,6,23.666666666666668,21.0
251,B00063678K,4.791666666666667,5.0,24,31.083333333333332,21.0
252,B00064TZYW,4.25,5.0,8,25.25,21.5
253,B0006GR4L6,4.5,5.0,10,23.9,22.0
254,B0006H92QK,4.75,5.0,12,22.083333333333332,19.0
255,B0006IQNCK,4.6,5.0,5,29.2,17.0
256,B0006M59M6,3.8333333333333335,3.5,6,22.166666666666668,20.0
257,B0006NDF6C,4.555555555555555,5.0,9,24.666666666666668,22.0
258,B0006NDF8A,4.492957746478873,5.0,71,25.47887323943662,20.0
259,B0006OHVK2,4.636363636363637,5.0,11,20.09090909090909,17.0
260,B0006VMBHI,4.166666666666667,5.0,6,22.0,19.5
261,B0006ZXFWO,3.625,4.0,16,26.5625,21.5
262,B0006ZXFZQ,5.0,5.0,5,25.2,20.0
263,B0006ZXG00,4.5,4.5,6,33.666666666666664,35.0
264,B00074B67A,4.6,5.0,5,44.6,53.0
265,B00074WFO8,4.8,5.0,5,23.6,17.0
266,B0007GGUGA,4.722222222222222,5.0,18,28.166666666666668,27.5
267,B0007L8BQW,2.857142857142857,3.0,7,29.142857142857142,30.0
268,B0007NQH98,4.888888888888889,5.0,9,24.444444444444443,22.0
269,B0007OGTGS,4.875,5.0,8,19.625,18.5
270,B0007ORM0K,5.0,5.0,7,17.571428571428573,14.0
271,B0007SL86A,4.833333333333333,5.0,6,25.166666666666668,24.0
272,B0007WPCKE,5.0,5.0,5,27.4,29.0
273,B0007WQZGY,4.6,5.0,5,19.8,16.0
274,B0007XWUQ2,5.0,5.0,7,15.571428571428571,14.0
275,B0007Y3XGW,5.0,5.0,6,25.166666666666668,17.5
276,B0008G26JO,4.714285714285714,5.0,7,28.857142857142858,25.0
277,B00095VIMU,4.625,5.0,8,25.75,25.0
278,B000960KNW,4.764705882352941,5.0,17,31.294117647058822,29.0
279,B000978D58,4.473684210526316,5.0,57,20.228070175438596,18.0
280,B0009DXEEM,4.153846153846154,4.0,13,26.46153846153846,24.0
281,B0009EQMZE,3.1666666666666665,3.0,6,25.833333333333332,22.0
282,B0009EQOES,5.0,5.0,6,32.5,33.5
283,B0009EU01G,5.0,5.0,6,27.0,28.5
284,B0009FUUO2,4.2,4.0,5,28.0,25.0
285,B0009G1E0K,4.492753623188406,5.0,69,18.72463768115942,14.0
286,B0009G1KEU,4.833333333333333,5.0,12,24.75,22.5
287,B0009H00WW,4.857142857142857,5.0,7,22.0,20.0
288,B0009IEB0I,5.0,5.0,5,23.0,25.0
289,B0009K9MUA,4.846153846153846,5.0,13,28.53846153846154,29.0
290,B0009RHAT8,4.0,5.0,5,35.6,41.0
291,B0009RLE5Y,4.625,5.0,8,31.5,26.0
292,B000A1HU1G,4.8,5.0,5,23.2,18.0
293,B000A2HDXA,3.5454545454545454,4.0,11,24.454545454545453,18.0
294,B000A2HOB6,3.9,4.0,10,27.4,32.5
295,B000A6ASSS,4.7727272727272725,5.0,22,28.772727272727273,15.5
296,B000A6GTDG,4.0,5.0,5,30.0,34.0
297,B000A6GY1I,4.666666666666667,5.0,6,18.833333333333332,19.5
298,B000AAGM0M,4.466666666666667,5.0,15,23.466666666666665,24.0
299,B000AC6DVS,4.25,4.5,8,26.5,23.0
300,B000AKSUP2,4.555555555555555,5.0,9,30.22222222222222,29.0
301,B000ARH3M6,4.875,5.0,8,23.25,20.0
302,B000B6DHAS,4.777777777777778,5.0,9,28.444444444444443,26.0
303,B000B6DHB2,4.423076923076923,5.0,26,24.423076923076923,24.0
304,B000B6FBA2,4.5,5.0,28,24.75,14.0
305,B000BBRZ3S,4.0,4.5,6,25.0,22.0
306,B000BKY8CU,4.2727272727272725,5.0,11,29.0,18.0
307,B000BNSYHW,4.625,5.0,8,20.75,15.5
308,B000BQTCDO,3.857142857142857,4.0,7,38.42857142857143,37.0
309,B000BU5V58,4.777777777777778,5.0,9,23.11111111111111,22.0
310,B000BUDO48,4.5,5.0,12,25.083333333333332,24.5
311,B000BUGNNM,4.8,5.0,10,28.5,19.0
312,B000BW2D84,4.666666666666667,5.0,6,24.666666666666668,29.5
313,B000BWEM42,3.8333333333333335,3.5,6,33.666666666666664,31.0
314,B000BYPJ1U,4.25,5.0,8,27.0,25.0
315,B000CBE3G4,4.166666666666667,4.0,12,30.083333333333332,33.5
316,B000CBE3GE,4.8,5.0,5,22.2,25.0
317,B000CBXZXG,4.2,5.0,5,27.6,27.0
318,B000CCIVCA,4.545454545454546,5.0,11,22.363636363636363,24.0
319,B000CCJP4I,4.266666666666667,5.0,15,29.2,28.0
320,B000CCMWVG,4.285714285714286,5.0,7,34.714285714285715,23.0
321,B000CD1R7K,4.5625,5.0,16,26.25,27.0
322,B000CD1R84,4.333333333333333,5.0,12,30.583333333333332,22.5
323,B000CD3QY2,4.666666666666667,5.0,9,30.88888888888889,30.0
324,B000CDT4VQ,4.5,4.5,6,26.166666666666668,26.0
325,B000CHJTG2,3.4,4.0,5,28.4,20.0
326,B000CZ0RHY,4.333333333333333,5.0,6,24.333333333333332,23.5
327,B000CZ0RLK,4.7,5.0,10,25.8,21.5
328,B000CZ0RLU,4.8,5.0,5,35.2,40.0
329,B000E0PPG0,4.444444444444445,5.0,9,30.88888888888889,27.0
330,B000EE8YPK,4.0,4.5,12,19.916666666666668,18.5
331,B000EEEYCW,4.25,5.0,12,14.75,10.0
332,B000EEGAJW,4.8,5.0,10,28.8,25.5
333,B000EEHCUS,4.8,5.0,5,20.4,15.0
334,B000EEHD4I,4.4,5.0,5,21.4,21.0
335,B000EEHDIE,4.833333333333333,5.0,6,15.0,17.5
336,B000EEHJS8,4.833333333333333,5.0,6,24.0,11.5
337,B000EEHKVY,4.818181818181818,5.0,11,28.09090909090909,27.0
338,B000EEHMXA,4.625,5.0,8,28.5,25.5
339,B000EEHN9S,5.0,5.0,5,44.4,35.0
340,B000EEJ8IM,4.3076923076923075,5.0,13,18.53846153846154,15.0
341,B000EEJAFS,4.666666666666667,5.0,6,29.333333333333332,31.5
342,B000EEJAWQ,4.375,5.0,8,28.25,27.0
343,B000EEJE4K,3.8,3.0,5,19.4,22.0
344,B000EEJF4O,4.909090909090909,5.0,11,23.727272727272727,22.0
345,B000EEJJ5Y,4.8,5.0,5,15.8,9.0
346,B000EEJJI6,4.25,4.5,8,17.375,13.5
347,B000EEK4VM,3.769230769230769,4.0,13,19.0,19.0
348,B000EEL50Q,4.6,5.0,5,28.8,10.0
349,B000EEL6J6,4.583333333333333,5.0,12,20.75,14.0
350,B000EEL8US,4.833333333333333,5.0,6,16.0,14.5
351,B000EELB8W,4.787878787878788,5.0,33,23.12121212121212,17.0
352,B000EELBQ4,4.375,5.0,8,26.5,28.5
353,B000EELFI8,4.214285714285714,5.0,14,26.142857142857142,21.0
354,B000EELFTW,4.3076923076923075,4.0,13,36.69230769230769,32.0
355,B000EEN9OG,4.4,4.0,10,34.9,30.5
356,B000EENH5W,3.6666666666666665,3.5,6,18.0,19.0
357,B000EPVXWU,5.0,5.0,5,23.6,23.0
358,B000EXIMFI,4.4,5.0,5,18.8,21.0
359,B000F3JO7M,4.625,5.0,8,22.5,28.0
360,B000FIZISQ,4.375,5.0,8,28.125,28.5
361,B000FZ1KF4,4.166666666666667,4.0,6,23.166666666666668,20.0
362,B000GUR8V8,4.818181818181818,5.0,11,14.727272727272727,11.0
363,B000H2BC4E,3.8333333333333335,4.0,6,25.5,21.5
364,B000HVXMNE,4.666666666666667,5.0,6,20.5,15.5
365,B000IO8XFM,4.571428571428571,5.0,7,20.571428571428573,21.0
366,B000J3L02U,4.8,5.0,5,15.2,11.0
367,B000J5UEGQ,4.222222222222222,4.0,9,27.666666666666668,25.0
368,B000J5XS3C,4.684210526315789,5.0,19,25.894736842105264,21.0
369,B000J5Y214,4.0,4.0,9,29.444444444444443,27.0
370,B000J5Y282,4.8,5.0,5,31.0,30.0
371,B000JRPYGE,4.3,4.5,10,22.9,25.5
372,B000K69V5E,5.0,5.0,6,32.833333333333336,35.0
373,B000K6B4E0,5.0,5.0,7,20.428571428571427,17.0
374,B000KGYAYQ,4.7,5.0,10,28.0,23.0
375,B000KIPD5E,3.5,3.5,8,18.75,21.0
376,B000KIPT30,4.6521739130434785,5.0,23,23.17391304347826,23.0
377,B000KIPTE4,4.857142857142857,5.0,7,13.857142857142858,13.0
378,B000KIPUQG,3.75,4.0,8,27.375,32.0
379,B000KIRT38,4.428571428571429,4.0,7,18.714285714285715,16.0
380,B000KIRT6A,3.727272727272727,4.0,11,25.90909090909091,21.0
381,B000KIRT74,4.473684210526316,5.0,19,26.94736842105263,25.0
382,B000KITQKM,4.571428571428571,5.0,7,26.428571428571427,25.0
383,B000KUCQXY,4.428571428571429,5.0,7,22.428571428571427,22.0
384,B000KW2YEI,4.588235294117647,5.0,17,29.176470588235293,32.0
385,B000KY156E,4.4,4.0,5,25.8,17.0
386,B000L3FPUG,5.0,5.0,5,22.0,17.0
387,B000L6GD04,4.864864864864865,5.0,37,26.56756756756757,20.0
388,B000L7MNUM,3.75,4.0,8,26.75,21.5
389,B000LAT0AK,5.0,5.0,5,28.8,29.0
390,B000LFCXL8,4.571428571428571,5.0,7,16.571428571428573,15.0
391,B000LPSNRQ,4.125,4.5,8,40.75,49.0
392,B000LPUV8K,4.8,5.0,5,19.6,15.0
393,B000LQLDM2,4.7272727272727275,5.0,22,23.318181818181817,16.5
394,B000M23OQ8,4.666666666666667,5.0,9,16.444444444444443,12.0
395,B000MFK1ZW,4.6,5.0,5,12.0,12.0
396,B000MFN8B6,4.3,5.0,10,28.2,23.5
397,B000MO2QJM,5.0,5.0,5,25.0,26.0
398,B000MVYOZY,4.8,5.0,15,19.066666666666666,22.0
399,B000MWWT6E,4.4,5.0,5,23.2,17.0
400,B000N4WHYK,4.8,5.0,5,18.4,18.0
401,B000N5MK8M,4.166666666666667,4.5,6,35.0,39.0
402,B000N5YEDG,4.125,4.0,8,23.375,17.0
403,B000NE4UN6,4.2,5.0,5,31.2,31.0
404,B000NGVQKO,4.5,5.0,8,28.125,22.5
405,B000NJ2TIE,4.633333333333334,5.0,30,25.066666666666666,19.5
406,B000OMG0KI,4.625,5.0,16,20.5,16.0
407,B000OR2QX8,4.666666666666667,5.0,6,24.833333333333332,25.0
408,B000OR5928,5.0,5.0,8,14.625,11.5
409,B000OR88JE,4.5,4.5,8,23.875,23.5
410,B000OY4WA6,4.833333333333333,5.0,6,28.0,26.5
411,B000OY4WDI,3.1666666666666665,3.5,6,38.166666666666664,18.5
412,B000OY707S,4.125,5.0,8,17.0,15.0
413,B000P5LVSK,4.785714285714286,5.0,14,28.071428571428573,19.5
414,B000P5NXWM,4.2,5.0,5,27.6,22.0
415,B000P5OUCE,4.6923076923076925,5.0,13,27.846153846153847,20.0
416,B000P5OULA,4.333333333333333,5.0,9,31.666666666666668,32.0
417,B000P5RVRU,4.4,5.0,5,35.6,21.0
418,B000PAPO9W,3.7777777777777777,4.0,9,23.333333333333332,18.0
419,B000PO30QM,4.4772727272727275,5.0,44,18.477272727272727,16.5
420,B000PR3JEM,4.8,5.0,5,25.0,19.0
421,B000Q87DAQ,4.6,5.0,5,28.6,25.0
422,B000QGCJU2,4.1,4.0,10,27.4,19.0
423,B000RKAFIU,4.8,5.0,5,20.4,24.0
424,B000RKL8R2,5.0,5.0,12,25.333333333333332,22.5
425,B000RKVH0K,4.875,5.0,8,29.75,32.5
426,B000RMQM4E,4.833333333333333,5.0,6,21.666666666666668,21.0
427,B000RN53LQ,3.4,3.0,5,30.4,29.0
428,B000RNB720,4.723404255319149,5.0,47,26.170212765957448,23.0
429,B000RPUMII,4.25,5.0,8,20.5,23.0
430,B000RVWY42,4.333333333333333,4.5,6,30.666666666666668,31.0
431,B000RVYPQ2,4.4,5.0,5,22.2,20.0
432,B000RW0GT6,4.375,5.0,8,29.875,24.5
433,B000RW0O02,4.6,5.0,5,22.6,18.0
434,B000RW2DUQ,4.4,5.0,10,26.8,17.0
435,B000RWJQRE,5.0,5.0,5,27.8,25.0
436,B000RXN6SS,4.555555555555555,5.0,9,24.0,15.0
437,B000RXPN02,4.636363636363637,5.0,11,28.0,17.0
438,B000RY68PA,5.0,5.0,9,18.77777777777778,17.0
439,B000RYE5Y6,4.875,5.0,8,22.125,18.0
440,B000RYPN38,4.857142857142857,5.0,7,21.714285714285715,21.0
441,B000S5V510,5.0,5.0,5,26.8,21.0
442,B000SAC5PA,4.285714285714286,5.0,7,21.285714285714285,21.0
443,B000SJJCX4,4.357142857142857,4.0,14,16.214285714285715,16.5
444,B000SL0NCQ,4.0,4.0,5,17.6,17.0
445,B000SZVYLQ,5.0,5.0,5,28.6,32.0
446,B000T4PJC6,4.5,5.0,6,24.166666666666668,21.0
447,B000T4SI1K,4.857142857142857,5.0,7,27.571428571428573,25.0
448,B000T517Y4,4.333333333333333,5.0,6,26.833333333333332,26.5
449,B000T9NKEU,3.2,3.0,5,22.6,23.0
450,B000T9PE9E,4.333333333333333,4.5,6,15.666666666666666,12.5
451,B000TGHVGQ,4.0,5.0,5,18.0,21.0
452,B000TGSM6E,4.0,4.0,9,17.333333333333332,14.0
453,B000U0DU34,5.0,5.0,7,22.0,19.0
454,B000UF3SEA,4.444444444444445,5.0,9,26.0,28.0
455,B000UJCTVE,4.642857142857143,5.0,14,22.5,19.0
456,B000UJFR4A,4.615384615384615,5.0,13,25.692307692307693,24.0
457,B000UJHHLQ,4.571428571428571,5.0,7,21.285714285714285,14.0
458,B000ULAP4U,4.538461538461538,5.0,26,33.88461538461539,30.0
459,B000UMFQHA,4.2,4.0,5,24.8,20.0
460,B000V4YFLA,4.0,4.0,6,29.0,28.0
461,B000V8GA46,4.2,5.0,5,32.2,41.0
462,B000VBC5CY,5.0,5.0,6,24.333333333333332,21.5
463,B000VBH2IG,4.411764705882353,5.0,17,35.411764705882355,27.0
464,B000VJ2VCK,4.333333333333333,4.5,6,30.833333333333332,21.5
465,B000VJJQUU,4.172413793103448,5.0,29,19.75862068965517,17.0
466,B000VJZOLK,5.0,5.0,6,29.166666666666668,32.0
467,B000VOBU9U,4.25,4.5,8,24.25,21.0
468,B000VTPQWW,4.666666666666667,5.0,6,22.166666666666668,18.0
469,B000VTPR08,4.875,5.0,8,20.375,17.0
470,B000VUNEZM,4.25,4.5,8,22.125,23.5
471,B000VZYS66,5.0,5.0,8,27.5,26.5
472,B000W00X1Y,4.714285714285714,5.0,7,18.428571428571427,16.0
473,B000WF1AMU,4.714285714285714,5.0,7,22.285714285714285,20.0
474,B000WGJ71U,4.333333333333333,4.5,6,22.5,16.0
475,B000WN4J9S,4.75,5.0,16,19.75,18.0
476,B000WS1QC6,4.833333333333333,5.0,6,24.666666666666668,21.5
477,B000WYCS7M,4.6,5.0,5,22.8,25.0
478,B000X31R2E,4.555555555555555,5.0,9,22.0,20.0
479,B000XPO0IU,4.384615384615385,5.0,13,34.53846153846154,32.0
480,B000XPPR2S,4.285714285714286,5.0,7,38.57142857142857,43.0
481,B000XPPURU,4.266666666666667,5.0,15,29.666666666666668,28.0
482,B000XPQ1YG,4.0,4.5,6,22.833333333333332,22.5
483,B000XPRQIG,4.666666666666667,5.0,6,19.666666666666668,15.5
484,B000XPRSTI,4.833333333333333,5.0,6,16.833333333333332,17.0
485,B000XUUXB8,4.857142857142857,5.0,7,17.857142857142858,14.0
486,B000XXBHA6,4.2,5.0,10,23.3,17.0
487,B000Y30NAA,3.888888888888889,4.0,9,17.444444444444443,18.0
488,B000Y35C8S,4.384615384615385,5.0,13,21.0,21.0
489,B000Y60NFC,4.8,5.0,5,22.2,27.0
490,B000Y7Q2C4,4.6,5.0,5,50.0,41.0
491,B000ZJTPLG,3.142857142857143,2.0,7,34.857142857142854,21.0
492,B0010CAEFS,4.066666666666666,5.0,15,20.333333333333332,18.0
493,B0010CHS8E,5.0,5.0,5,18.4,12.0
494,B0010CZ8GS,4.8,5.0,10,23.9,22.0
495,B0010GNU9Q,4.285714285714286,5.0,7,20.142857142857142,20.0
496,B0010KCP98,3.4,3.0,5,26.6,22.0
497,B0010SHU18,4.052631578947368,5.0,19,18.157894736842106,11.0
498,B0011WHG5S,4.166666666666667,4.5,6,25.5,23.0
499,B00135HFK4,4.8,5.0,5,23.0,16.0
500,B0013PU75Y,5.0,5.0,8,22.5,21.5
501,B0013V1BYY,4.5,4.5,6,17.0,14.0
502,B0014IEBM0,3.0,4.0,7,34.57142857142857,40.0
503,B00154OJOI,4.48,5.0,25,20.72,20.0
504,B0015RIN6U,4.962962962962963,5.0,27,22.88888888888889,18.0
505,B0016MJ1T2,4.285714285714286,4.5,14,29.642857142857142,30.5
506,B0016ML1C2,4.076923076923077,4.0,13,26.615384615384617,24.0
507,B0016ZZKJO,4.84,5.0,25,24.96,22.0
508,B00178JDCK,4.25,4.5,8,25.625,23.5
509,B00178LDW8,4.714285714285714,5.0,7,26.571428571428573,28.0
510,B0017HZ47Y,4.0,5.0,5,21.4,18.0
511,B00186L9X2,4.777777777777778,5.0,9,27.0,17.0
512,B0018L46WS,4.666666666666667,5.0,6,26.666666666666668,17.0
513,B0018PZR86,4.0,5.0,5,23.2,23.0
514,B0018SJLFS,4.125,5.0,8,26.5,26.5
515,B0018TAITA,4.722222222222222,5.0,18,19.22222222222222,14.5
516,B0018TC3I4,4.166666666666667,5.0,6,14.5,13.0
517,B0018TG8HQ,4.5,4.5,14,23.142857142857142,15.5
518,B0018TIAA4,4.5,4.5,6,43.0,35.0
519,B0018TIADQ,4.543859649122807,5.0,57,21.017543859649123,16.0
520,B0018TIAL8,4.2,4.0,5,20.0,18.0
521,B00191WVF6,4.769230769230769,5.0,26,19.884615384615383,17.0
522,B0019H6750,4.4,4.0,5,18.6,16.0
523,B0019QJW2G,4.714285714285714,5.0,7,31.714285714285715,25.0
524,B001AH83UG,4.533333333333333,5.0,15,37.666666666666664,37.0
525,B001AS6OYC,4.8,5.0,10,29.3,30.0
526,B001BY4RQM,5.0,5.0,5,10.8,11.0
527,B001C74GLY,5.0,5.0,5,28.6,22.0
528,B001C9R5P6,4.8,5.0,5,20.0,15.0
529,B001CJ2QZU,5.0,5.0,5,23.4,21.0
530,B001D2TPZU,4.857142857142857,5.0,7,17.571428571428573,13.0
531,B001DW6RJC,4.230769230769231,5.0,13,27.615384615384617,24.0
532,B001E3BSKS,4.8,5.0,5,18.4,16.0
533,B001E3SFKO,4.8,5.0,5,13.6,13.0
534,B001E43SK0,3.0,3.0,5,38.2,44.0
535,B001EC5ECW,4.5,4.5,6,16.833333333333332,13.5
536,B001EL6I8W,4.5,5.0,10,29.5,30.0
537,B001ELP5WM,4.8,5.0,5,21.6,22.0
538,B001EW5YQS,4.166666666666667,4.0,6,32.0,28.5
539,B001EZIEVW,4.0,4.0,6,28.666666666666668,28.5
540,B001FB5Z44,4.833333333333333,5.0,6,17.333333333333332,18.0
541,B001FB5Z8K,4.333333333333333,5.0,6,17.333333333333332,16.0
542,B001FQ74FW,5.0,5.0,5,25.2,18.0
543,B001FSZR4U,3.9375,4.0,16,23.0625,21.0
544,B001G3TJXO,4.636363636363637,5.0,11,26.09090909090909,24.0
545,B001GD07SK,2.875,3.0,8,22.75,27.0
546,B001GGYF4E,4.333333333333333,4.5,6,26.333333333333332,31.0
547,B001GH4H3W,4.714285714285714,5.0,7,27.857142857142858,24.0
548,B001GWCC4I,4.555555555555555,5.0,9,20.77777777777778,15.0
549,B001HNE622,4.666666666666667,5.0,6,20.0,21.0
550,B001I1PWTY,4.666666666666667,5.0,6,16.833333333333332,15.0
551,B001I8ITQA,4.333333333333333,5.0,6,23.0,23.0
552,B001IM5KFY,4.857142857142857,5.0,7,25.285714285714285,33.0
553,B001J1JRN0,5.0,5.0,6,28.0,22.0
554,B001J1SX94,4.444444444444445,5.0,9,26.666666666666668,19.0
555,B001J5RYXQ,4.333333333333333,5.0,12,20.25,18.5
556,B001JI2KHS,4.4375,5.0,16,28.6875,18.5
557,B001KD2CPC,4.2,4.0,5,24.8,17.0
558,B001KXKGBY,4.571428571428571,5.0,7,19.857142857142858,15.0
559,B001L8IJ0I,4.8,5.0,5,34.6,35.0
560,B001L8IKLG,4.2,4.0,5,30.2,23.0
561,B001L8KE06,5.0,5.0,5,40.2,40.0
562,B001L8MDMS,4.714285714285714,5.0,7,21.142857142857142,18.0
563,B001L8NGJ2,4.466666666666667,5.0,15,19.133333333333333,19.0
564,B001L8PIFW,3.625,4.0,8,24.0,12.0
565,B001LJUVO4,3.4375,3.5,16,25.75,21.5
566,B001LNN30E,5.0,5.0,6,29.833333333333332,27.5
567,B001M59AS0,4.166666666666667,4.5,6,22.0,13.5
568,B001MMYVZU,4.529411764705882,5.0,17,24.294117647058822,19.0
569,B001MSS6CS,4.4,5.0,10,17.0,16.5
570,B001NXDSK2,4.6,5.0,5,31.4,31.0
571,B001OLW0J8,4.444444444444445,5.0,9,32.111111111111114,20.0
572,B001OLZYUU,4.571428571428571,5.0,7,28.428571428571427,27.0
573,B001PGXHW6,5.0,5.0,5,20.0,19.0
574,B001PGXHX0,4.637931034482759,5.0,58,18.844827586206897,15.5
575,B001PGXHYO,4.4,5.0,5,21.6,20.0
576,B001PGXIHK,4.2,4.0,5,16.0,10.0
577,B001PGXJGU,4.666666666666667,5.0,6,31.5,29.0
578,B001PGXKC8,4.327272727272727,5.0,55,23.545454545454547,23.0
579,B001Q8DJO4,5.0,5.0,7,19.142857142857142,17.0
580,B001QJGYIG,4.5,5.0,8,46.125,41.0
581,B001QWBM62,4.3,4.5,10,31.5,28.0
582,B001R2LQWQ,4.142857142857143,5.0,7,18.714285714285715,15.0
583,B001R76D42,4.555555555555555,5.0,9,27.333333333333332,19.0
584,B001REJX1U,4.285714285714286,5.0,7,27.571428571428573,19.0
585,B001RMFSDE,3.9,5.0,10,17.5,10.5
586,B001RNH8YA,4.875,5.0,8,26.375,16.0
587,B001RNHE30,4.777777777777778,5.0,9,29.88888888888889,21.0
588,B001RNOHHG,4.5,5.0,10,31.9,30.0
589,B001SC4I16,4.333333333333333,5.0,15,28.133333333333333,27.0
590,B001U5PCFM,3.7142857142857144,4.0,7,25.428571428571427,19.0
591,B001UJEKZ6,3.3333333333333335,4.0,6,20.0,17.5
592,B001UYKGUE,4.571428571428571,5.0,7,26.714285714285715,33.0
593,B001V5K2S8,5.0,5.0,8,23.125,17.5
594,B001W99HE8,5.0,5.0,20,22.45,22.5
595,B001XJBWXG,5.0,5.0,6,20.5,15.5
596,B002024UDE,4.285714285714286,4.0,7,22.0,10.0
597,B0023BYDHK,4.111111111111111,5.0,9,29.11111111111111,30.0
598,B002433RXI,4.857142857142857,5.0,7,16.285714285714285,15.0
599,B0025PM6DM,4.285714285714286,5.0,7,24.714285714285715,30.0
600,B0025V1REU,2.7142857142857144,3.0,7,9.0,6.0
601,B00267OCTA,4.6923076923076925,5.0,13,18.0,16.0
602,B0026KEGLQ,4.6,5.0,5,27.2,28.0
603,B0026RB0G8,4.354838709677419,5.0,31,18.741935483870968,16.0
604,B0027842S4,5.0,5.0,10,12.7,11.0
605,B0027M30Z6,4.333333333333333,5.0,12,24.833333333333332,27.5
606,B0027V760M,3.727272727272727,5.0,11,25.90909090909091,24.0
607,B002AQNGIU,4.6,5.0,15,26.266666666666666,25.0
608,B002B8EWVW,4.4,5.0,5,31.0,19.0
609,B002C4SM5W,3.4,4.0,5,35.8,34.0
610,B002C741B8,3.5,4.0,6,28.666666666666668,22.5
611,B002C741BI,3.923076923076923,5.0,13,27.76923076923077,25.0
612,B002CMLPYY,4.8,5.0,5,24.8,16.0
613,B002DC8OE2,4.166666666666667,5.0,6,24.666666666666668,27.5
614,B002DYJEMQ,4.714285714285714,5.0,7,18.571428571428573,12.0
615,B002EWV8IU,4.7,5.0,20,19.45,14.5
616,B002EWV8NA,4.2,5.0,5,26.2,18.0
617,B002G1UT5C,3.9,4.0,10,22.2,24.0
618,B002GHBZ4U,4.75,5.0,8,32.5,30.0
619,B002GYWBIM,4.3,4.5,10,29.6,26.5
620,B002GYWBJ6,4.7,5.0,10,29.2,29.0
621,B002GYWBKU,4.555555555555555,5.0,9,26.666666666666668,20.0
622,B002HFC6P8,4.8,5.0,5,14.6,12.0
623,B002HJ61PK,3.3333333333333335,3.0,6,24.0,25.5
624,B002HPMTZU,4.411764705882353,5.0,17,26.647058823529413,23.0
625,B002IC1D5E,3.6666666666666665,5.0,6,32.833333333333336,33.0
626,B002IJK0H4,4.833333333333333,5.0,6,27.833333333333332,25.5
627,B002KDHBRU,4.333333333333333,5.0,9,13.0,15.0
628,B002M8EEW8,4.4,4.0,5,33.8,35.0
629,B002M8GBDI,3.6,4.0,5,33.4,31.0
630,B002MWKOAA,4.8,5.0,5,21.6,25.0
631,B002N4GBLI,4.666666666666667,5.0,6,20.5,16.0
632,B002NG7DEK,4.25,4.5,12,29.0,22.0
633,B002PAW6EG,4.4,5.0,5,20.2,16.0
634,B002PMHAVS,4.666666666666667,5.0,6,18.666666666666668,16.0
635,B002Q0WSO8,4.6875,5.0,16,26.9375,24.0
636,B002Q0WT6U,4.4,5.0,5,19.6,18.0
637,B002QJVTNA,4.555555555555555,5.0,9,26.77777777777778,18.0
638,B002QKRUJG,4.125,4.5,8,15.375,15.0
639,B002QQC1ZI,3.8,4.0,10,25.5,26.5
640,B002R2IUEW,4.5,4.5,8,31.75,33.5
641,B002RLLD88,5.0,5.0,6,10.5,11.0
642,B002T45X1G,4.875,5.0,8,25.25,27.0
643,B002UXS4JO,4.454545454545454,5.0,11,29.272727272727273,26.0
644,B002VA464S,4.533333333333333,5.0,15,25.533333333333335,23.0
645,B002X8Y4SQ,4.444444444444445,5.0,18,23.5,20.5
646,B002Z9JWZ8,4.8,5.0,5,25.6,25.0
647,B002ZH9JQC,4.9,5.0,10,17.0,14.5
648,B00315D0E4,4.833333333333333,5.0,6,27.0,26.5
649,B0033P1O6S,5.0,5.0,10,29.4,26.0
650,B0033PSGSW,4.545454545454546,5.0,11,21.363636363636363,20.0
651,B0033PSLSM,4.0,4.5,6,24.666666666666668,24.5
652,B00352MHGA,4.8,5.0,5,43.8,24.0
653,B0035LCFRW,3.8333333333333335,4.5,6,25.333333333333332,26.5
654,B00378GEAM,4.444444444444445,4.0,9,26.22222222222222,25.0
655,B0037GXRHM,3.888888888888889,4.0,9,23.77777777777778,21.0
656,B0037M4CPM,4.4375,4.5,16,21.6875,18.5
657,B0037M62AK,4.117647058823529,4.0,17,23.705882352941178,19.0
658,B0037M62JQ,4.9,5.0,10,23.8,23.0
659,B0037M62KA,4.55,5.0,20,27.8,24.5
660,B0037M62M8,3.5714285714285716,4.0,7,20.285714285714285,17.0
661,B0037MA77E,4.3,4.0,10,19.0,17.0
662,B0037MC786,4.111111111111111,4.0,9,24.333333333333332,21.0
663,B0037ME50Y,4.666666666666667,5.0,12,19.083333333333332,14.5
664,B00389KMQM,5.0,5.0,7,17.857142857142858,16.0
665,B0038MTH8S,4.8,5.0,5,22.4,26.0
666,B0038O9NLM,4.4,5.0,5,29.6,24.0
667,B0039HBNMA,4.888888888888889,5.0,9,34.111111111111114,32.0
668,B003AAEGZ2,4.636363636363637,5.0,11,24.0,26.0
669,B003AJMPW4,5.0,5.0,9,22.0,17.0
670,B003AM913C,3.2,4.0,5,18.0,18.0
671,B003AYC1SM,5.0,5.0,5,34.2,27.0
672,B003AYEAHC,4.375,5.0,8,24.25,21.0
673,B003AYJU5O,4.4,5.0,5,34.6,33.0
674,B003AYK8XW,4.875,5.0,8,22.0,20.0
675,B003AYNFRS,4.8,5.0,5,19.0,19.0
676,B003AYNHGW,4.7272727272727275,5.0,11,16.818181818181817,14.0
677,B003AYPT8G,5.0,5.0,5,29.4,26.0
678,B003AYRBWI,4.875,5.0,8,24.625,22.0
679,B003B01QL8,4.684210526315789,5.0,19,17.789473684210527,18.0
680,B003B01QR2,4.545454545454546,5.0,22,21.772727272727273,17.0
681,B003B0I09Y,4.625,5.0,8,36.0,31.5
682,B003BFYDBS,4.416666666666667,5.0,12,23.916666666666668,19.0
683,B003BGO2OK,4.7272727272727275,5.0,11,23.09090909090909,21.0
684,B003CLIPHO,4.6,5.0,5,17.2,12.0
685,B003D3OCD2,4.625,5.0,8,25.875,28.0
686,B003DVGVIS,4.5,5.0,32,25.375,22.5
687,B003FO6E6M,4.125,4.5,8,18.25,20.0
688,B003FVB7XA,4.6,5.0,5,38.2,37.0
689,B003FW0IHA,4.666666666666667,5.0,6,18.666666666666668,14.5
690,B003GEBGA0,4.304347826086956,4.0,23,24.695652173913043,20.0
691,B003HGFRO8,4.6,5.0,5,21.2,19.0
692,B003JJQMD8,4.71875,5.0,32,19.96875,15.0
693,B003K16N0C,3.727272727272727,4.0,11,25.454545454545453,25.0
694,B003KJ0ZD0,4.2,5.0,5,24.6,24.0
695,B003KQY8DQ,3.0,3.0,6,30.166666666666668,18.0
696,B003LTJ404,4.588235294117647,5.0,17,25.647058823529413,21.0
697,B003LZ2IT2,4.833333333333333,5.0,6,21.833333333333332,23.0
698,B003NJF1G8,4.647058823529412,5.0,17,22.823529411764707,26.0
699,B003OG9NH8,4.75,5.0,12,34.5,30.5
700,B003OUX8ZM,4.285714285714286,5.0,7,36.857142857142854,19.0
701,B003PC2XQE,4.8,5.0,5,18.2,18.0
702,B003QTM9O2,3.6,5.0,5,30.2,28.0
703,B003S3S0DU,4.666666666666667,5.0,6,21.833333333333332,16.0
704,B003SZDFM4,3.769230769230769,4.0,13,26.846153846153847,24.0
705,B003U3LUOY,4.428571428571429,5.0,7,26.857142857142858,15.0
706,B003VWJ2K8,4.6871165644171775,5.0,163,21.49079754601227,18.0
707,B003VWKPHC,4.649122807017544,5.0,114,21.68421052631579,18.0
708,B003VYBD58,4.583333333333333,5.0,12,29.25,30.5
709,B003VYBNLW,4.6,5.0,10,23.7,21.5
710,B003W47NII,3.4545454545454546,4.0,11,27.636363636363637,24.0
711,B003WZ6VVM,4.142857142857143,4.0,7,37.142857142857146,38.0
712,B003XDUAOM,3.8333333333333335,4.0,6,26.833333333333332,23.5
713,B003Y3ASW0,4.857142857142857,5.0,7,27.285714285714285,23.0
714,B003YVRGN6,4.8,5.0,5,20.4,16.0
715,B0040O49OU,4.571428571428571,5.0,7,24.428571428571427,21.0
716,B0040ZBI52,4.363636363636363,5.0,11,29.0,29.0
717,B0041T53KI,4.4,5.0,5,16.2,14.0
718,B0042EZH6W,4.888888888888889,5.0,27,22.88888888888889,18.0
719,B0042F1L4S,4.2,5.0,5,43.4,36.0
720,B0043RZ9QQ,4.6,5.0,5,32.0,27.0
721,B0044R1M0M,4.7,5.0,10,21.7,18.0
722,B00466HLXI,4.0,4.0,5,31.4,29.0
723,B00466HM28,2.857142857142857,3.0,7,21.142857142857142,13.0
724,B0046A04LU,4.636363636363637,5.0,11,28.272727272727273,29.0
725,B0049Z4UQ2,4.714285714285714,5.0,7,37.714285714285715,27.0
726,B004BZU4OW,4.8,5.0,5,27.2,27.0
727,B004FEBS8K,4.6,5.0,5,28.0,32.0
728,B004FEGXDK,4.3,5.0,20,23.3,20.0
729,B004FODY6E,4.6,5.0,5,33.8,27.0
730,B004FPEF84,4.105263157894737,5.0,19,23.42105263157895,20.0
731,B004FRHKA2,4.571428571428571,5.0,7,21.285714285714285,23.0
732,B004GYM7IE,4.6,5.0,5,33.0,39.0
733,B004GYOZ6G,4.833333333333333,5.0,6,15.166666666666666,14.5
734,B004HJ58JI,4.5,5.0,6,16.166666666666668,12.0
735,B004HJ9COU,3.8,5.0,5,22.0,19.0
736,B004INGEB4,4.5,5.0,6,34.166666666666664,29.5
737,B004ISK48S,3.8333333333333335,4.5,6,26.833333333333332,28.5
738,B004ISLGKS,4.4,5.0,5,22.0,22.0
739,B004J27QXY,4.833333333333333,5.0,6,22.333333333333332,18.5
740,B004LG93KC,4.333333333333333,4.0,6,19.333333333333332,16.0
741,B004M8UZS8,4.833333333333333,5.0,6,16.833333333333332,11.0
742,B004M9CKVM,4.571428571428571,5.0,7,20.142857142857142,15.0
743,B004MF39YS,3.8333333333333335,4.0,6,36.333333333333336,36.0
744,B004MM6RWM,4.8,5.0,5,20.0,14.0
745,B004MNTIL8,4.8,5.0,5,35.0,26.0
746,B004N0MKN8,3.8076923076923075,4.0,26,25.076923076923077,22.0
747,B004N6RBWW,4.166666666666667,4.5,6,26.666666666666668,23.0
748,B004OK17QS,4.785714285714286,5.0,14,27.428571428571427,17.0
749,B004OK1G64,4.8,5.0,5,31.8,29.0
750,B004OU2IQG,4.2,5.0,10,37.6,34.0
751,B004PFWYL4,4.0,4.0,5,20.0,19.0
752,B004PFWZHM,4.6,5.0,5,27.0,22.0
753,B004PG1A4A,4.625,5.0,8,23.5,21.5
754,B004T6M7DE,4.538461538461538,5.0,13,33.76923076923077,31.0
755,B004TE5HBU,4.0,4.0,9,27.77777777777778,29.0
756,B004TGVRDA,4.333333333333333,5.0,6,25.666666666666668,26.5
757,B004TQJ174,4.222222222222222,5.0,9,33.44444444444444,42.0
758,B004U1QDL0,3.888888888888889,4.0,9,28.333333333333332,23.0
759,B004UJO41S,4.05,5.0,20,24.95,18.5
760,B004UNL1P6,4.714285714285714,5.0,7,21.714285714285715,17.0
761,B004VDD4KK,4.636363636363637,5.0,11,13.545454545454545,9.0
762,B004XNK7AI,4.4,5.0,65,23.892307692307693,16.0
763,B004Z17008,4.666666666666667,5.0,27,23.444444444444443,18.0
764,B004Z8VQ2O,3.4285714285714284,5.0,7,39.714285714285715,29.0
765,B004ZKIHVU,4.4,5.0,10,26.1,20.5
766,B004ZKY10Q,4.428571428571429,5.0,7,26.857142857142858,23.0
767,B0050ALN2E,4.428571428571429,5.0,7,25.0,27.0
768,B0050CEEIW,3.4,4.0,5,24.2,15.0
769,B0051WAJ5S,4.133333333333334,5.0,15,19.733333333333334,19.0
770,B0052FU602,4.6,5.0,5,34.2,31.0
771,B0052S3WFU,4.571428571428571,5.0,7,26.142857142857142,22.0
772,B0053CUHMG,4.0,4.0,6,51.166666666666664,39.5
773,B0055V7UR0,4.461538461538462,5.0,13,21.076923076923077,15.0
774,B0058GZTVG,4.5,4.5,6,17.333333333333332,16.0
775,B005A09I7Q,4.3076923076923075,5.0,13,23.076923076923077,25.0
776,B005AGGZ8K,3.6666666666666665,4.0,6,21.166666666666668,22.0
777,B005BSOVRY,4.285714285714286,5.0,7,18.428571428571427,19.0
778,B005CERXFO,4.333333333333333,4.5,6,19.166666666666668,18.0
779,B005CX4GLE,4.4523809523809526,5.0,42,25.928571428571427,26.0
780,B005DVF15A,3.8,4.0,5,34.2,25.0
781,B005E0CPNG,4.0,4.0,5,16.0,18.0
782,B005EHILV4,4.555555555555555,5.0,9,22.22222222222222,16.0
783,B005F3H6Q8,5.0,5.0,6,33.5,34.0
784,B005FIFM14,4.714285714285714,5.0,7,16.857142857142858,15.0
785,B005FKF1PY,4.158730158730159,4.0,63,30.26984126984127,25.0
786,B005FKF3L6,4.888888888888889,5.0,9,30.0,27.0
787,B005FKF3N4,4.2,4.0,5,22.4,13.0
788,B005GZ86ZA,4.6,5.0,5,23.2,24.0
789,B005H2007E,4.4,4.0,15,20.466666666666665,17.0
790,B005IGFGWI,4.8,5.0,5,23.2,15.0
791,B005IVUWDG,4.4,4.0,5,38.8,37.0
792,B005J2PXV0,4.428571428571429,5.0,7,23.0,17.0
793,B005J9FS0Y,4.4,5.0,5,14.4,16.0
794,B005LYIW3W,4.705882352941177,5.0,17,26.352941176470587,24.0
795,B005M0CK9M,4.56,5.0,25,26.6,20.0
796,B005M0KLGQ,4.285714285714286,5.0,7,37.714285714285715,38.0
797,B005M0MUQK,4.8,5.0,5,25.2,13.0
798,B005M0TKL8,4.909090909090909,5.0,11,32.09090909090909,31.0
799,B005MR6IHK,4.7,5.0,20,21.2,20.5
800,B005NACC6M,4.111111111111111,5.0,9,29.77777777777778,29.0
801,B005OZE9SA,4.35,5.0,20,33.35,32.0
802,B005PGGU9O,4.6,5.0,15,21.6,24.0
803,B005PNXT6E,4.777777777777778,5.0,18,20.0,16.0
804,B005SUS1JO,4.285714285714286,5.0,7,23.285714285714285,19.0
805,B005T800V2,4.642857142857143,5.0,14,20.071428571428573,17.5
806,B005TO9EPY,4.8,5.0,5,30.8,23.0
807,B005VLR6XC,4.333333333333333,4.5,6,14.833333333333334,12.5
808,B005VLWHP4,4.666666666666667,5.0,15,26.2,15.0
809,B005VM5Z5C,3.8,4.0,5,28.0,22.0
810,B005ZV5K0O,4.714285714285714,5.0,7,29.857142857142858,18.0
811,B00646MZHK,4.596774193548387,5.0,62,21.14516129032258,20.0
812,B0064BFNME,5.0,5.0,5,29.8,26.0
813,B0064RDPVE,4.625,5.0,8,29.5,23.5
814,B0064RFT4A,4.666666666666667,5.0,9,30.333333333333332,20.0
815,B0064RIB9A,4.090909090909091,5.0,11,34.63636363636363,32.0
816,B006H5119Q,4.5,5.0,6,23.333333333333332,27.5
817,B006X0UCKY,4.6,5.0,5,21.8,19.0
818,B006X735PQ,4.8,5.0,5,27.4,18.0
819,B006Y2FUW6,5.0,5.0,6,31.333333333333332,29.5
820,B0073XCXHA,4.818181818181818,5.0,22,20.545454545454547,14.0
821,B0073XCYO2,5.0,5.0,5,16.8,18.0
822,B0073XCZ3C,4.666666666666667,5.0,6,33.5,32.0
823,B0078YF9V6,4.333333333333333,4.5,6,29.166666666666668,21.0
824,B0079KQEOK,4.428571428571429,5.0,7,25.285714285714285,23.0
825,B007BY2F7O,4.333333333333333,5.0,12,24.25,14.5
826,B007IE5QP0,4.444444444444445,5.0,9,16.77777777777778,21.0
827,B007IHYBV2,3.8333333333333335,4.0,6,22.333333333333332,20.5
828,B007J49GPK,4.9,5.0,10,17.7,16.5
829,B007K3EGWI,5.0,5.0,5,21.4,24.0
830,B007K3EGXW,4.875,5.0,8,16.875,17.0
831,B007PKR3SK,4.125,5.0,16,29.4375,25.0
832,B007Q27BH0,4.363636363636363,5.0,11,26.727272727272727,23.0
833,B007Q28BHE,4.222222222222222,5.0,9,36.0,35.0
834,B007T8CUNG,3.875,4.5,16,20.8125,19.5
835,B007T8KI6M,4.125,4.0,8,26.375,25.0
836,B007T8OGLK,3.75,4.0,16,23.5,23.0
837,B007TGWQZ0,4.2,4.0,5,27.0,20.0
838,B007XH9432,4.0,4.0,5,19.0,17.0
839,B007YWHIP2,3.909090909090909,4.0,11,22.0,10.0
840,B008277N80,4.333333333333333,4.5,6,35.0,31.0
841,B0087UPSLQ,3.75,4.5,8,33.875,36.0
842,B008AOH1O6,4.5,4.5,6,37.666666666666664,39.5
843,B008BPI2HE,4.6571428571428575,5.0,35,24.485714285714284,19.0
844,B008BTTQI4,3.4285714285714284,3.0,7,33.714285714285715,32.0
845,B008GS3XLQ,4.571428571428571,5.0,7,26.857142857142858,23.0
846,B008GS9UNQ,4.777777777777778,5.0,9,24.333333333333332,20.0
847,B008IYUF96,4.142857142857143,4.0,7,22.285714285714285,20.0
848,B008LMS4MK,4.333333333333333,5.0,9,25.88888888888889,24.0
849,B008O0RKVA,4.333333333333333,5.0,6,28.833333333333332,29.5
850,B008TNAG4A,3.8,4.0,5,24.4,29.0
851,B00923G9Q0,5.0,5.0,5,25.2,14.0
852,B0097WDJZA,4.454545454545454,4.0,11,24.545454545454547,25.0
853,B0098DFNY8,4.6,5.0,5,23.8,28.0
854,B009AS1FLG,4.0,5.0,5,24.2,19.0
855,B009E3EWPI,5.0,5.0,5,25.8,26.0
856,B009EOKTCM,4.0,5.0,5,32.2,23.0
857,B009GT0KNI,4.2,5.0,5,39.2,39.0
858,B009MBT68U,5.0,5.0,7,13.714285714285714,12.0
859,B009MDMQJ4,4.6,5.0,5,26.0,27.0
860,B009MIBIWK,5.0,5.0,5,26.6,13.0
861,B009O7CE5O,4.875,5.0,8,20.375,19.5
862,B009S814U0,4.8,5.0,5,26.8,27.0
863,B009ZX8ZJG,3.2857142857142856,4.0,7,34.857142857142854,38.0
864,B00A270KYM,4.125,5.0,8,27.875,19.5
865,B00A716FB0,3.4545454545454546,4.0,11,19.363636363636363,20.0
866,B00AHEWBM4,5.0,5.0,5,24.2,20.0
867,B00AK7SKL4,3.5,3.5,6,17.5,17.5
868,B00AQBT3EW,4.722222222222222,5.0,18,25.333333333333332,25.5
869,B00AZUAORE,4.583333333333333,5.0,24,22.291666666666668,19.0
870,B00B1N06PO,4.166666666666667,5.0,6,21.0,12.5
871,B00B5LDMH6,4.6,5.0,5,20.2,18.0
872,B00B5OY8EE,4.6,5.0,5,22.2,17.0
873,B00B9060X6,4.4,4.0,5,47.6,44.0
874,B00BG6ZM0K,3.6666666666666665,3.5,6,38.5,31.5
875,B00BHJNC4E,5.0,5.0,5,20.4,18.0
876,B00BHK2UHI,3.8333333333333335,4.0,6,10.5,10.5
877,B00BKXN9LS,4.916666666666667,5.0,12,16.5,16.0
878,B00BL6IYW8,5.0,5.0,7,22.714285714285715,19.0
879,B00BL6JDUA,4.7,5.0,10,22.2,17.0
880,B00BLQ7M4E,4.6,5.0,5,28.8,20.0
881,B00BLQTZDA,4.666666666666667,5.0,6,19.333333333333332,16.5
882,B00BTGMI5O,4.666666666666667,5.0,6,55.833333333333336,33.5
883,B00BU9KCXK,4.476190476190476,5.0,21,22.333333333333332,20.0
884,B00C5B20QE,5.0,5.0,5,21.0,12.0
885,B00CDA0IUC,4.285714285714286,5.0,7,13.857142857142858,12.0
886,B00CFMWBLC,4.5,4.5,6,21.0,11.5
887,B00CK2FOZM,5.0,5.0,5,24.6,23.0
888,B00E0EXYMS,3.4,3.0,5,38.4,42.0
889,B00EIMZG46,4.4,5.0,5,27.4,18.0
890,B00EPWAQS0,4.6,5.0,5,33.0,41.0
891,B00EQDITGO,4.0,5.0,5,22.6,17.0
892,B00F2PKRJW,4.2,5.0,5,23.0,14.0
893,B00FXKIG5I,4.0,4.0,7,26.428571428571427,17.0
894,B00GTSM8FW,4.235294117647059,5.0,17,30.294117647058822,30.0
895,B00H02C9TG,4.833333333333333,5.0,6,49.5,47.5
896,B00HFRXACG,4.818181818181818,5.0,11,22.90909090909091,20.0
897,B00IZCSW3M,4.791666666666667,5.0,24,30.333333333333332,27.5
898,B00J4TBMVO,4.5,5.0,8,34.75,35.0
899,B00JBIVXGC,4.538461538461538,5.0,13,31.615384615384617,27.0
