,reviewTimeInHours,average_helpful_percentage,median_helpful_percentage
0,2004-09-18-00,0.947,0.947
1,2004-09-29-00,0.8705,0.8705
2,2004-11-29-00,0.9793333333333333,0.983
3,2004-12-01-00,1.0,1.0
4,2005-01-28-00,0.923,0.923
5,2005-03-11-00,0.889,0.889
6,2005-03-25-00,0.975,0.975
7,2005-09-28-00,1.0,1.0
8,2006-01-07-00,1.0,1.0
9,2006-02-26-00,0.833,0.833
10,2006-03-03-00,0.458,0.458
11,2006-05-15-00,0.961,0.961
12,2006-05-16-00,0.95,0.95
13,2006-06-14-00,0.912,0.912
14,2006-06-24-00,0.941,0.941
15,2006-07-29-00,0.877,0.877
16,2006-10-21-00,0.615,0.615
17,2006-12-18-00,0.875,0.875
18,2007-01-27-00,0.8,0.8
19,2007-02-27-00,0.667,0.667
20,2007-03-23-00,0.8335,0.8335
21,2007-04-20-00,0.974,0.974
22,2007-09-25-00,0.5,0.5
23,2007-09-28-00,0.977,0.977
24,2007-10-15-00,0.95,0.95
25,2007-10-16-00,1.0,1.0
26,2007-10-17-00,0.75,0.75
27,2007-10-20-00,1.0,1.0
28,2007-11-12-00,0.0,0.0
29,2007-11-28-00,1.0,1.0
30,2007-12-09-00,0.833,0.833
31,2007-12-11-00,0.895,0.895
32,2007-12-12-00,1.0,1.0
33,2007-12-13-00,0.969,0.969
34,2007-12-14-00,0.867,0.867
35,2007-12-15-00,1.0,1.0
36,2007-12-18-00,0.733,0.733
37,2007-12-20-00,0.444,0.444
38,2007-12-25-00,0.0,0.0
39,2008-01-07-00,0.926,0.926
40,2008-01-08-00,0.923,0.923
41,2008-01-28-00,0.938,0.938
42,2008-02-06-00,1.0,1.0
43,2008-02-08-00,0.933,0.933
44,2008-02-13-00,0.0,0.0
45,2008-02-24-00,1.0,1.0
46,2008-03-05-00,0.0,0.0
47,2008-03-16-00,0.9135,0.9135
48,2008-03-20-00,0.806,0.806
49,2008-03-22-00,0.8335,0.8335
50,2008-04-16-00,0.75,0.75
51,2008-04-22-00,0.78,0.78
52,2008-04-25-00,0.5,0.5
53,2008-04-30-00,0.952,0.952
54,2008-05-02-00,0.8083333333333332,0.81
55,2008-05-03-00,1.0,1.0
56,2008-06-04-00,0.5,0.5
57,2008-06-26-00,0.909,0.909
58,2008-07-06-00,0.6666666666666666,1.0
59,2008-07-27-00,1.0,1.0
60,2008-08-14-00,0.2776666666666667,0.0
61,2008-08-23-00,0.8335,0.8335
62,2008-08-24-00,1.0,1.0
63,2008-08-29-00,1.0,1.0
64,2008-09-18-00,1.0,1.0
65,2008-10-02-00,0.939,0.939
66,2008-10-03-00,0.333,0.333
67,2008-10-11-00,0.974,0.974
68,2008-10-17-00,0.0,0.0
69,2008-11-01-00,0.781,0.781
70,2008-11-09-00,0.8889999999999999,1.0
71,2008-11-11-00,0.6,0.6
72,2008-11-14-00,1.0,1.0
73,2008-11-24-00,1.0,1.0
74,2008-11-28-00,0.4585,0.4585
75,2008-12-04-00,0.956,0.956
76,2008-12-13-00,0.58,0.9
77,2008-12-14-00,0.9855,0.9855
78,2008-12-15-00,1.0,1.0
79,2008-12-17-00,1.0,1.0
80,2008-12-19-00,0.875,0.875
81,2008-12-28-00,0.956,0.956
82,2009-01-01-00,0.5,0.5
83,2009-01-03-00,0.6,0.6
84,2009-01-08-00,0.8,0.8
85,2009-01-10-00,0.962,0.962
86,2009-01-11-00,0.8,0.8
87,2009-01-23-00,0.967,0.967
88,2009-02-09-00,0.967,0.967
89,2009-02-14-00,0.9675,0.9675
90,2009-02-21-00,0.94,0.94
91,2009-02-22-00,0.714,0.714
92,2009-02-23-00,0.0,0.0
93,2009-02-26-00,0.0,0.0
94,2009-03-05-00,1.0,1.0
95,2009-03-19-00,1.0,1.0
96,2009-03-26-00,0.857,0.857
97,2009-04-08-00,0.0,0.0
98,2009-04-14-00,0.966,0.966
99,2009-04-15-00,0.989,0.989
100,2009-04-16-00,0.833,0.833
101,2009-04-23-00,1.0,1.0
102,2009-05-13-00,0.7116666666666666,0.778
103,2009-05-19-00,0.0,0.0
104,2009-05-21-00,1.0,1.0
105,2009-05-25-00,0.5,0.5
106,2009-05-26-00,0.0,0.0
107,2009-06-06-00,0.5,0.5
108,2009-06-07-00,1.0,1.0
109,2009-06-10-00,0.75,0.75
110,2009-06-14-00,0.853,0.853
111,2009-06-15-00,1.0,1.0
112,2009-06-16-00,0.905,0.905
113,2009-06-18-00,1.0,1.0
114,2009-06-26-00,0.778,0.778
115,2009-06-29-00,0.0,0.0
116,2009-07-05-00,0.8,0.8
117,2009-07-08-00,0.875,0.875
118,2009-07-10-00,0.773,0.773
119,2009-07-12-00,1.0,1.0
120,2009-07-16-00,1.0,1.0
121,2009-07-17-00,0.931,0.931
122,2009-07-20-00,1.0,1.0
123,2009-07-21-00,0.375,0.375
124,2009-07-24-00,0.964,0.964
125,2009-07-27-00,0.972,0.972
126,2009-08-09-00,0.0,0.0
127,2009-08-12-00,0.667,0.667
128,2009-08-13-00,0.5,0.5
129,2009-08-14-00,0.889,0.889
130,2009-08-19-00,1.0,1.0
131,2009-08-20-00,1.0,1.0
132,2009-08-23-00,0.975,0.975
133,2009-08-24-00,0.8335,0.8335
134,2009-08-26-00,1.0,1.0
135,2009-09-02-00,1.0,1.0
136,2009-09-04-00,0.775,0.775
137,2009-09-06-00,0.4335,0.4335
138,2009-09-08-00,0.933,0.933
139,2009-09-14-00,0.0,0.0
140,2009-09-16-00,1.0,1.0
141,2009-09-19-00,0.937,0.937
142,2009-09-21-00,0.714,0.714
143,2009-09-22-00,0.5853333333333334,0.833
144,2009-09-23-00,0.875,0.875
145,2009-09-24-00,1.0,1.0
146,2009-09-27-00,1.0,1.0
147,2009-09-28-00,1.0,1.0
148,2009-10-05-00,0.0,0.0
149,2009-10-11-00,0.6,0.6
150,2009-10-12-00,0.0,0.0
151,2009-10-14-00,0.0,0.0
152,2009-10-16-00,1.0,1.0
153,2009-10-17-00,0.8889999999999999,1.0
154,2009-10-19-00,0.0,0.0
155,2009-10-21-00,0.97,0.97
156,2009-10-28-00,1.0,1.0
157,2009-10-29-00,1.0,1.0
158,2009-10-31-00,0.8825000000000001,0.8825000000000001
159,2009-11-01-00,0.6,0.6
160,2009-11-03-00,0.4695,0.4695
161,2009-11-06-00,1.0,1.0
162,2009-11-12-00,0.9436666666666667,1.0
163,2009-11-13-00,0.067,0.067
164,2009-11-17-00,0.984,0.984
165,2009-11-18-00,1.0,1.0
166,2009-11-24-00,0.0,0.0
167,2009-11-30-00,0.667,0.667
168,2009-12-01-00,0.6759999999999999,0.6759999999999999
169,2009-12-02-00,1.0,1.0
170,2009-12-03-00,0.6,0.6
171,2009-12-11-00,0.8056666666666666,0.75
172,2009-12-13-00,1.0,1.0
173,2009-12-14-00,0.25,0.25
174,2009-12-18-00,0.7915,0.7915
175,2009-12-24-00,0.838,0.838
176,2009-12-29-00,0.375,0.375
177,2009-12-30-00,0.667,0.667
178,2010-01-07-00,1.0,1.0
179,2010-01-12-00,0.472,0.472
180,2010-01-13-00,0.5,0.5
181,2010-01-19-00,0.9726666666666667,1.0
182,2010-01-21-00,0.4,0.4
183,2010-01-23-00,1.0,1.0
184,2010-01-24-00,1.0,1.0
185,2010-01-26-00,0.5,0.5
186,2010-01-28-00,1.0,1.0
187,2010-01-30-00,0.9125,0.95
188,2010-02-04-00,0.72475,0.9495
189,2010-02-06-00,0.5,0.5
190,2010-02-08-00,0.75,0.75
191,2010-02-11-00,0.23075,0.0
192,2010-02-12-00,0.5,0.5
193,2010-02-14-00,0.0,0.0
194,2010-02-15-00,0.75,0.75
195,2010-02-16-00,1.0,1.0
196,2010-02-19-00,0.4585,0.4585
197,2010-02-21-00,1.0,1.0
198,2010-02-24-00,1.0,1.0
199,2010-02-27-00,0.0,0.0
200,2010-03-02-00,0.5416666666666666,0.625
201,2010-03-03-00,0.75,0.75
202,2010-03-04-00,1.0,1.0
203,2010-03-13-00,1.0,1.0
204,2010-03-14-00,0.54725,0.65
205,2010-03-15-00,0.0,0.0
206,2010-03-17-00,0.8,0.8
207,2010-03-21-00,1.0,1.0
208,2010-03-22-00,0.9139999999999999,0.9139999999999999
209,2010-03-26-00,1.0,1.0
210,2010-03-27-00,1.0,1.0
211,2010-03-28-00,0.0,0.0
212,2010-03-30-00,0.9704999999999999,0.9704999999999999
213,2010-04-02-00,1.0,1.0
214,2010-04-06-00,0.6388333333333334,0.9165
215,2010-04-09-00,1.0,1.0
216,2010-04-10-00,0.7202857142857143,0.875
217,2010-04-17-00,0.623,0.623
218,2010-04-21-00,0.667,0.667
219,2010-04-25-00,1.0,1.0
220,2010-04-27-00,0.5556666666666666,0.667
221,2010-04-29-00,0.9,0.9
222,2010-04-30-00,0.81,0.81
223,2010-05-03-00,1.0,1.0
224,2010-05-04-00,0.3333333333333333,0.0
225,2010-05-09-00,0.375,0.375
226,2010-05-13-00,0.0,0.0
227,2010-05-17-00,0.714,0.714
228,2010-05-18-00,0.917,0.917
229,2010-05-22-00,0.2333333333333333,0.0
230,2010-05-24-00,1.0,1.0
231,2010-05-25-00,1.0,1.0
232,2010-05-26-00,0.0,0.0
233,2010-05-27-00,0.466,0.466
234,2010-05-28-00,0.2776666666666667,0.0
235,2010-05-30-00,0.37033333333333335,0.111
236,2010-06-03-00,0.857,0.857
237,2010-06-05-00,0.5,0.5
238,2010-06-08-00,1.0,1.0
239,2010-06-09-00,0.5,0.5
240,2010-06-10-00,0.7204999999999999,0.7204999999999999
241,2010-06-15-00,1.0,1.0
242,2010-06-16-00,0.75,0.75
243,2010-06-18-00,1.0,1.0
244,2010-06-20-00,1.0,1.0
245,2010-06-24-00,0.0,0.0
246,2010-06-27-00,0.9475,0.9475
247,2010-07-01-00,0.175,0.0
248,2010-07-04-00,1.0,1.0
249,2010-07-12-00,1.0,1.0
250,2010-07-13-00,0.8,0.8
251,2010-07-14-00,0.5,0.5
252,2010-07-19-00,0.9766666666666667,1.0
253,2010-07-21-00,0.778,0.778
254,2010-07-26-00,0.931,0.931
255,2010-07-28-00,0.0,0.0
256,2010-07-31-00,0.0,0.0
257,2010-08-01-00,0.7275,0.7275
258,2010-08-06-00,0.667,0.667
259,2010-08-09-00,0.6060000000000001,0.6060000000000001
260,2010-08-12-00,0.0,0.0
261,2010-08-13-00,0.6,1.0
262,2010-08-14-00,1.0,1.0
263,2010-08-18-00,0.0,0.0
264,2010-08-20-00,0.0,0.0
265,2010-08-21-00,0.9635,0.9635
266,2010-08-23-00,0.0,0.0
267,2010-08-25-00,0.9899999999999999,1.0
268,2010-08-26-00,0.5455,0.5455
269,2010-08-28-00,1.0,1.0
270,2010-08-30-00,0.6666666666666666,1.0
271,2010-09-01-00,0.0,0.0
272,2010-09-03-00,0.9445,1.0
273,2010-09-06-00,1.0,1.0
274,2010-09-10-00,1.0,1.0
275,2010-09-12-00,0.7,0.7
276,2010-09-13-00,0.6,0.6
277,2010-09-14-00,0.8380000000000001,0.8
278,2010-09-16-00,0.4,0.4
279,2010-09-19-00,0.71425,0.9285
280,2010-09-20-00,0.75,0.75
281,2010-09-22-00,0.875,0.875
282,2010-09-25-00,0.525,0.55
283,2010-09-26-00,0.5,0.5
284,2010-09-27-00,0.9665,0.9665
285,2010-09-28-00,0.964,0.964
286,2010-09-30-00,0.5,0.5
287,2010-10-01-00,0.0,0.0
288,2010-10-02-00,1.0,1.0
289,2010-10-04-00,1.0,1.0
290,2010-10-05-00,0.923,0.923
291,2010-10-08-00,0.0,0.0
292,2010-10-10-00,0.97,0.97
293,2010-10-12-00,1.0,1.0
294,2010-10-13-00,1.0,1.0
295,2010-10-14-00,0.45,0.45
296,2010-10-15-00,0.208375,0.0
297,2010-10-17-00,0.857,0.857
298,2010-10-18-00,0.5,0.5
299,2010-10-20-00,0.0,0.0
300,2010-10-21-00,0.396,0.396
301,2010-10-22-00,0.4165,0.4165
302,2010-10-26-00,1.0,1.0
303,2010-10-28-00,0.72725,0.9545
304,2010-10-30-00,0.9545,0.9545
305,2010-11-03-00,0.58925,0.6785
306,2010-11-04-00,0.6,0.7
307,2010-11-07-00,1.0,1.0
308,2010-11-09-00,0.556,0.556
309,2010-11-10-00,1.0,1.0
310,2010-11-11-00,0.111,0.111
311,2010-11-12-00,1.0,1.0
312,2010-11-13-00,1.0,1.0
313,2010-11-14-00,1.0,1.0
314,2010-11-15-00,0.5556666666666666,0.667
315,2010-11-16-00,0.0,0.0
316,2010-11-17-00,0.4425,0.4425
317,2010-11-18-00,0.98075,1.0
318,2010-11-20-00,0.5655,0.762
319,2010-11-21-00,0.5,0.5
320,2010-11-23-00,0.8,0.8
321,2010-11-24-00,1.0,1.0
322,2010-11-25-00,0.0,0.0
323,2010-11-26-00,1.0,1.0
324,2010-11-27-00,0.5,0.5
325,2010-11-28-00,0.875,0.875
326,2010-11-29-00,0.0,0.0
327,2010-11-30-00,0.125,0.0
328,2010-12-01-00,0.875,0.875
329,2010-12-03-00,0.5,0.5
330,2010-12-05-00,0.375,0.375
331,2010-12-06-00,1.0,1.0
332,2010-12-07-00,0.2,0.0
333,2010-12-08-00,0.0,0.0
334,2010-12-09-00,0.2415,0.0
335,2010-12-10-00,0.0,0.0
336,2010-12-13-00,1.0,1.0
337,2010-12-14-00,0.6,1.0
338,2010-12-17-00,0.8473333333333333,0.875
339,2010-12-19-00,0.16666666666666666,0.0
340,2010-12-20-00,0.0,0.0
341,2010-12-21-00,0.0,0.0
342,2010-12-22-00,0.9695,0.9695
343,2010-12-24-00,0.0,0.0
344,2010-12-25-00,1.0,1.0
345,2010-12-26-00,0.0,0.0
346,2010-12-27-00,0.9778,1.0
347,2010-12-28-00,0.0,0.0
348,2010-12-29-00,0.4375,0.375
349,2010-12-30-00,0.25,0.0
350,2010-12-31-00,0.99,0.99
351,2011-01-01-00,0.5,0.5
352,2011-01-02-00,0.3263333333333333,0.0
353,2011-01-03-00,0.0,0.0
354,2011-01-05-00,1.0,1.0
355,2011-01-06-00,0.5,0.5
356,2011-01-07-00,1.0,1.0
357,2011-01-08-00,0.1875,0.0
358,2011-01-10-00,0.875,0.875
359,2011-01-11-00,1.0,1.0
360,2011-01-12-00,0.5,0.5
361,2011-01-13-00,0.9166666666666666,1.0
362,2011-01-14-00,1.0,1.0
363,2011-01-15-00,0.9615,0.9615
364,2011-01-16-00,0.0,0.0
365,2011-01-17-00,0.5556666666666666,0.667
366,2011-01-18-00,1.0,1.0
367,2011-01-19-00,0.49820000000000003,0.667
368,2011-01-20-00,0.37,0.5
369,2011-01-21-00,0.96225,0.987
370,2011-01-22-00,0.0,0.0
371,2011-01-24-00,0.0,0.0
372,2011-01-25-00,1.0,1.0
373,2011-01-26-00,1.0,1.0
374,2011-01-27-00,1.0,1.0
375,2011-01-28-00,0.375,0.125
376,2011-01-30-00,0.6071428571428571,0.75
377,2011-01-31-00,0.0,0.0
378,2011-02-02-00,0.55,0.6000000000000001
379,2011-02-03-00,0.96275,1.0
380,2011-02-04-00,0.5443333333333333,0.8
381,2011-02-05-00,0.3666,0.0
382,2011-02-10-00,0.952,0.9935
383,2011-02-11-00,1.0,1.0
384,2011-02-12-00,0.6666666666666666,1.0
385,2011-02-13-00,0.4642857142857143,0.5
386,2011-02-14-00,0.5,0.5
387,2011-02-15-00,0.1,0.0
388,2011-02-16-00,0.0,0.0
389,2011-02-17-00,0.3333333333333333,0.0
390,2011-02-18-00,0.65,0.8
391,2011-02-20-00,0.75,0.75
392,2011-02-21-00,0.5416666666666666,0.75
393,2011-02-22-00,0.5,0.5
394,2011-02-23-00,0.3335,0.3335
395,2011-02-24-00,0.8889999999999999,1.0
396,2011-02-25-00,0.66675,0.8335
397,2011-02-27-00,1.0,1.0
398,2011-02-28-00,0.0,0.0
399,2011-03-01-00,0.4166,0.333
400,2011-03-02-00,0.5,0.5
401,2011-03-04-00,0.0,0.0
402,2011-03-05-00,1.0,1.0
403,2011-03-06-00,0.5,0.5
404,2011-03-07-00,0.5626666666666666,0.75
405,2011-03-08-00,0.3125,0.0
406,2011-03-10-00,0.0,0.0
407,2011-03-11-00,0.7,1.0
408,2011-03-14-00,0.25,0.25
409,2011-03-16-00,0.606,0.818
410,2011-03-18-00,0.0,0.0
411,2011-03-19-00,0.933,0.933
412,2011-03-20-00,0.5,0.5
413,2011-03-21-00,0.639,0.917
414,2011-03-22-00,0.6666666666666666,1.0
415,2011-03-23-00,0.9615,0.9615
416,2011-03-24-00,0.0,0.0
417,2011-03-26-00,1.0,1.0
418,2011-03-28-00,0.0,0.0
419,2011-03-29-00,0.375,0.375
420,2011-03-30-00,0.44449999999999995,0.3335
421,2011-04-02-00,1.0,1.0
422,2011-04-07-00,0.75,0.75
423,2011-04-08-00,0.7524285714285714,1.0
424,2011-04-09-00,0.5,0.5
425,2011-04-11-00,0.75,0.75
426,2011-04-12-00,0.0,0.0
427,2011-04-13-00,0.5,0.5
428,2011-04-14-00,0.9165,0.9165
429,2011-04-15-00,0.5,0.75
430,2011-04-16-00,0.0,0.0
431,2011-04-17-00,0.8335,0.8335
432,2011-04-18-00,0.5166666666666667,0.75
433,2011-04-19-00,0.786,0.786
434,2011-04-20-00,0.0,0.0
435,2011-04-21-00,0.0,0.0
436,2011-04-23-00,0.0,0.0
437,2011-04-26-00,0.0,0.0
438,2011-04-27-00,0.9722500000000001,1.0
439,2011-04-30-00,0.25,0.25
440,2011-05-04-00,0.5570999999999999,0.7855
441,2011-05-05-00,0.5556666666666666,0.667
442,2011-05-06-00,0.3865,0.3865
443,2011-05-08-00,0.3333333333333333,0.0
444,2011-05-09-00,0.923,0.923
445,2011-05-10-00,0.5,0.5
446,2011-05-11-00,0.39545454545454545,0.5
447,2011-05-12-00,0.0,0.0
448,2011-05-13-00,0.727,0.727
449,2011-05-14-00,0.0,0.0
450,2011-05-15-00,0.6667142857142857,1.0
451,2011-05-17-00,0.3,0.0
452,2011-05-18-00,0.3333333333333333,0.0
453,2011-05-20-00,0.778,0.778
454,2011-05-21-00,0.0,0.0
455,2011-05-23-00,0.3333333333333333,0.0
456,2011-05-24-00,0.0,0.0
457,2011-05-25-00,0.5,0.5
458,2011-05-26-00,0.5,0.5
459,2011-05-27-00,0.0,0.0
460,2011-05-29-00,0.923,0.923
461,2011-05-30-00,0.65,0.65
462,2011-05-31-00,0.0,0.0
463,2011-06-01-00,0.5825714285714286,0.778
464,2011-06-02-00,1.0,1.0
465,2011-06-03-00,0.5,0.5
466,2011-06-04-00,1.0,1.0
467,2011-06-05-00,0.875,0.875
468,2011-06-07-00,0.6175,0.8525
469,2011-06-08-00,0.0,0.0
470,2011-06-09-00,0.5,0.5
471,2011-06-10-00,0.379,0.0
472,2011-06-11-00,0.5408571428571428,0.5
473,2011-06-13-00,0.0,0.0
474,2011-06-14-00,0.6273333333333334,0.882
475,2011-06-15-00,0.47225,0.4445
476,2011-06-16-00,0.0,0.0
477,2011-06-17-00,0.6,1.0
478,2011-06-19-00,0.5,0.5
479,2011-06-20-00,1.0,1.0
480,2011-06-21-00,0.667,0.667
481,2011-06-22-00,0.5,0.5
482,2011-06-24-00,0.0,0.0
483,2011-06-25-00,0.0,0.0
484,2011-06-26-00,0.4073333333333333,0.222
485,2011-06-27-00,0.952,0.952
486,2011-06-28-00,0.4723333333333333,0.5835
487,2011-06-29-00,0.22185714285714284,0.0
488,2011-06-30-00,0.4033333333333333,0.263
489,2011-07-01-00,0.0,0.0
490,2011-07-02-00,0.5,0.5
491,2011-07-04-00,0.5,0.5
492,2011-07-05-00,0.6665,0.6665
493,2011-07-06-00,1.0,1.0
494,2011-07-07-00,0.8,0.8
495,2011-07-08-00,0.667,0.667
496,2011-07-09-00,0.5,0.5
497,2011-07-11-00,0.0,0.0
498,2011-07-12-00,0.4446666666666667,0.667
499,2011-07-13-00,0.6355,0.771
500,2011-07-15-00,0.5,0.5
501,2011-07-16-00,0.3333333333333333,0.0
502,2011-07-17-00,0.0,0.0
503,2011-07-18-00,0.08333333333333333,0.0
504,2011-07-19-00,0.25,0.0
505,2011-07-20-00,0.3335,0.3335
506,2011-07-23-00,1.0,1.0
507,2011-07-25-00,0.6,1.0
508,2011-07-26-00,1.0,1.0
509,2011-07-28-00,0.4375,0.25
510,2011-07-29-00,0.75,0.75
511,2011-07-31-00,0.4126666666666667,0.333
512,2011-08-01-00,1.0,1.0
513,2011-08-02-00,0.21972727272727272,0.0
514,2011-08-04-00,0.2,0.0
515,2011-08-05-00,0.5,0.5
516,2011-08-06-00,0.5,0.5
517,2011-08-07-00,0.5,0.5
518,2011-08-08-00,0.3333333333333333,0.0
519,2011-08-09-00,0.9285,0.9285
520,2011-08-10-00,0.5,0.5
521,2011-08-11-00,0.717875,0.9
522,2011-08-12-00,0.6595714285714286,0.867
523,2011-08-13-00,0.5,0.5
524,2011-08-14-00,0.2857142857142857,0.0
525,2011-08-15-00,0.5,0.5
526,2011-08-16-00,0.474,0.474
527,2011-08-17-00,0.0,0.0
528,2011-08-18-00,0.0,0.0
529,2011-08-19-00,0.2,0.0
530,2011-08-20-00,0.6407,0.8285
531,2011-08-21-00,1.0,1.0
532,2011-08-22-00,0.3333333333333333,0.0
533,2011-08-23-00,0.941,0.941
534,2011-08-24-00,0.8,0.8
535,2011-08-25-00,0.6528333333333333,0.7085
536,2011-08-26-00,0.31775,0.0
537,2011-08-27-00,0.9333333333333332,1.0
538,2011-08-28-00,1.0,1.0
539,2011-08-29-00,1.0,1.0
540,2011-08-30-00,0.357,0.357
541,2011-08-31-00,0.9289999999999999,1.0
542,2011-09-01-00,0.7949999999999999,0.885
543,2011-09-02-00,0.5833333333333334,0.75
544,2011-09-03-00,0.0,0.0
545,2011-09-04-00,0.5,0.5
546,2011-09-05-00,1.0,1.0
547,2011-09-06-00,0.7012499999999999,0.9025
548,2011-09-07-00,0.3333333333333333,0.0
549,2011-09-08-00,0.75,0.75
550,2011-09-09-00,0.5,0.5
551,2011-09-10-00,0.65,0.8
552,2011-09-11-00,0.0,0.0
553,2011-09-12-00,0.8160000000000001,0.882
554,2011-09-13-00,0.0,0.0
555,2011-09-14-00,0.3333333333333333,0.0
556,2011-09-15-00,0.6079,0.873
557,2011-09-16-00,0.875,1.0
558,2011-09-17-00,0.6666666666666666,1.0
559,2011-09-18-00,0.0,0.0
560,2011-09-19-00,0.5,0.5
561,2011-09-20-00,0.0,0.0
562,2011-09-21-00,0.3971428571428572,0.0
563,2011-09-22-00,1.0,1.0
564,2011-09-24-00,0.8115,0.8335
565,2011-09-25-00,0.778,0.778
566,2011-09-26-00,0.0,0.0
567,2011-09-27-00,0.5667142857142857,0.5
568,2011-09-29-00,0.41675,0.375
569,2011-09-30-00,0.5,0.5
570,2011-10-01-00,0.4,0.0
571,2011-10-02-00,0.875,0.875
572,2011-10-03-00,0.5,0.5
573,2011-10-04-00,0.25,0.125
574,2011-10-05-00,0.375,0.25
575,2011-10-06-00,0.75,0.75
576,2011-10-07-00,0.6111666666666666,0.8335
577,2011-10-08-00,0.5,0.5
578,2011-10-09-00,0.846,0.846
579,2011-10-10-00,0.25,0.0
580,2011-10-11-00,0.7855,0.7855
581,2011-10-12-00,0.45,0.4
582,2011-10-13-00,0.75,0.75
583,2011-10-14-00,0.39999999999999997,0.0
584,2011-10-15-00,0.9545,0.9545
585,2011-10-16-00,0.0,0.0
586,2011-10-17-00,1.0,1.0
587,2011-10-18-00,0.2,0.0
588,2011-10-19-00,0.0,0.0
589,2011-10-20-00,0.0,0.0
590,2011-10-21-00,0.9666666666666667,1.0
591,2011-10-22-00,0.0,0.0
592,2011-10-23-00,1.0,1.0
593,2011-10-24-00,0.3333333333333333,0.0
594,2011-10-25-00,0.959875,1.0
595,2011-10-26-00,0.672,0.8
596,2011-10-27-00,0.3333333333333333,0.0
597,2011-10-28-00,0.39166666666666666,0.3
598,2011-10-29-00,0.0,0.0
599,2011-10-31-00,0.5,0.5
600,2011-11-01-00,1.0,1.0
601,2011-11-02-00,0.2572,0.0
602,2011-11-03-00,0.7856666666666667,1.0
603,2011-11-04-00,1.0,1.0
604,2011-11-05-00,0.0,0.0
605,2011-11-06-00,0.889,0.889
606,2011-11-07-00,0.0,0.0
607,2011-11-08-00,0.3333333333333333,0.0
608,2011-11-09-00,0.4524285714285714,0.5
609,2011-11-10-00,0.3333333333333333,0.0
610,2011-11-11-00,0.8335,0.8335
611,2011-11-13-00,0.0,0.0
612,2011-11-14-00,0.2776666666666667,0.333
613,2011-11-15-00,0.4445,0.4445
614,2011-11-16-00,0.714,0.714
615,2011-11-17-00,0.5,0.5
616,2011-11-18-00,0.55,0.75
617,2011-11-21-00,0.8413333333333334,0.857
618,2011-11-22-00,0.3333333333333333,0.0
619,2011-11-23-00,0.5934,0.667
620,2011-11-24-00,0.4971666666666667,0.5415
621,2011-11-25-00,0.32275,0.0
622,2011-11-26-00,0.619,0.857
623,2011-11-28-00,0.425,0.125
624,2011-11-29-00,0.3215,0.143
625,2011-11-30-00,0.0,0.0
626,2011-12-01-00,1.0,1.0
627,2011-12-02-00,0.0,0.0
628,2011-12-03-00,0.5,0.5
629,2011-12-04-00,1.0,1.0
630,2011-12-05-00,0.3333333333333333,0.0
631,2011-12-06-00,0.5,0.5
632,2011-12-07-00,0.2,0.0
633,2011-12-08-00,0.5,0.5
634,2011-12-09-00,1.0,1.0
635,2011-12-11-00,0.75,0.75
636,2011-12-12-00,0.6666666666666666,1.0
637,2011-12-13-00,0.25,0.0
638,2011-12-14-00,0.3333333333333333,0.0
639,2011-12-15-00,0.077,0.077
640,2011-12-16-00,0.0,0.0
641,2011-12-17-00,0.3335,0.3335
642,2011-12-18-00,0.42857142857142855,0.0
643,2011-12-19-00,0.821,0.821
644,2011-12-20-00,0.2795714285714285,0.0
645,2011-12-21-00,0.48075,0.4615
646,2011-12-22-00,0.3333333333333333,0.0
647,2011-12-23-00,0.3989090909090909,0.5
648,2011-12-24-00,0.5,0.5
649,2011-12-25-00,0.71875,0.9375
650,2011-12-26-00,0.6666666666666666,1.0
651,2011-12-27-00,0.294625,0.0
652,2011-12-28-00,0.22245454545454546,0.0
653,2011-12-29-00,0.5,0.5
654,2011-12-30-00,0.3333333333333333,0.0
655,2011-12-31-00,0.5024166666666666,0.5835
656,2012-01-01-00,0.6666666666666666,1.0
657,2012-01-02-00,0.55625,0.725
658,2012-01-03-00,0.28907692307692306,0.0
659,2012-01-04-00,0.6,1.0
660,2012-01-05-00,1.0,1.0
661,2012-01-06-00,0.39473684210526316,0.0
662,2012-01-07-00,0.616111111111111,1.0
663,2012-01-08-00,0.8,1.0
664,2012-01-09-00,0.5277777777777778,0.75
665,2012-01-10-00,0.4166666666666667,0.25
666,2012-01-11-00,0.6785714285714286,1.0
667,2012-01-13-00,0.2778333333333333,0.0
668,2012-01-14-00,0.5,0.5
669,2012-01-15-00,0.4,0.0
670,2012-01-16-00,1.0,1.0
671,2012-01-17-00,0.5,0.5
672,2012-01-18-00,0.2222222222222222,0.0
673,2012-01-19-00,0.38099999999999995,0.0
674,2012-01-20-00,0.43333333333333335,0.3335
675,2012-01-21-00,0.42444444444444446,0.625
676,2012-01-22-00,0.3,0.3
677,2012-01-23-00,0.29619999999999996,0.0
678,2012-01-24-00,0.7548,0.857
679,2012-01-25-00,0.25,0.0
680,2012-01-26-00,0.5313333333333333,0.594
681,2012-01-28-00,0.0,0.0
682,2012-01-29-00,0.4,0.5
683,2012-01-30-00,0.38099999999999995,0.0
684,2012-01-31-00,0.25,0.0
685,2012-02-01-00,0.0,0.0
686,2012-02-02-00,0.375,0.375
687,2012-02-03-00,0.330375,0.0
688,2012-02-04-00,0.125,0.0
689,2012-02-05-00,0.55175,0.675
690,2012-02-06-00,0.5,0.5
691,2012-02-07-00,0.3333333333333333,0.0
692,2012-02-08-00,0.6695000000000001,0.7085
693,2012-02-09-00,0.0,0.0
694,2012-02-10-00,0.4318181818181818,0.0
695,2012-02-11-00,0.2,0.0
696,2012-02-12-00,0.22442857142857142,0.0
697,2012-02-13-00,1.0,1.0
698,2012-02-14-00,0.5,0.5
699,2012-02-15-00,0.5,0.5
700,2012-02-16-00,0.49663636363636365,0.5
701,2012-02-17-00,0.2,0.0
702,2012-02-18-00,0.0,0.0
703,2012-02-19-00,0.25,0.0
704,2012-02-20-00,0.4375,0.25
705,2012-02-21-00,0.3135,0.0
706,2012-02-22-00,0.4166666666666667,0.25
707,2012-02-23-00,0.5606923076923077,0.889
708,2012-02-24-00,0.5,0.5
709,2012-02-25-00,0.0,0.0
710,2012-02-26-00,0.0,0.0
711,2012-02-27-00,0.8,0.8
712,2012-02-28-00,0.0,0.0
713,2012-02-29-00,0.6388888888888888,1.0
714,2012-03-01-00,0.0,0.0
715,2012-03-02-00,0.99,1.0
716,2012-03-03-00,0.375,0.25
717,2012-03-05-00,0.325,0.0
718,2012-03-06-00,0.6458333333333334,0.9375
719,2012-03-07-00,0.7223333333333333,0.667
720,2012-03-08-00,0.0,0.0
721,2012-03-10-00,0.6111666666666666,0.8335
722,2012-03-11-00,0.2727272727272727,0.0
723,2012-03-12-00,0.6666666666666666,1.0
724,2012-03-13-00,0.41675,0.3335
725,2012-03-14-00,0.1865,0.0
726,2012-03-15-00,0.523,0.625
727,2012-03-16-00,0.0666,0.0
728,2012-03-17-00,0.0,0.0
729,2012-03-18-00,0.45825,0.4165
730,2012-03-19-00,0.5833333333333334,0.75
731,2012-03-20-00,0.370875,0.25
732,2012-03-21-00,0.5,0.5
733,2012-03-22-00,0.5544285714285715,0.667
734,2012-03-23-00,0.648,0.944
735,2012-03-24-00,0.606,0.818
736,2012-03-25-00,0.7335,0.7335
737,2012-03-26-00,0.37142857142857144,0.0
738,2012-03-27-00,0.23814285714285716,0.0
739,2012-03-28-00,0.6666666666666666,1.0
740,2012-03-29-00,0.3333333333333333,0.0
741,2012-03-30-00,0.75,0.75
742,2012-03-31-00,0.5,0.5
743,2012-04-01-00,0.262,0.0
744,2012-04-02-00,0.667,0.667
745,2012-04-03-00,0.3333333333333333,0.0
746,2012-04-05-00,0.125,0.0
747,2012-04-06-00,0.409,0.409
748,2012-04-08-00,0.5,0.5
749,2012-04-09-00,0.0,0.0
750,2012-04-10-00,0.0,0.0
751,2012-04-11-00,0.3333333333333333,0.0
752,2012-04-12-00,0.3335,0.3335
753,2012-04-13-00,0.0,0.0
754,2012-04-15-00,0.23966666666666667,0.0
755,2012-04-16-00,0.2916666666666667,0.0
756,2012-04-17-00,0.39,0.0
757,2012-04-18-00,0.5,0.5
758,2012-04-19-00,0.9495,1.0
759,2012-04-20-00,0.2833,0.0
760,2012-04-21-00,0.49112500000000003,0.4645
761,2012-04-22-00,0.5,0.5
762,2012-04-23-00,0.4585,0.4585
763,2012-04-24-00,0.639,0.917
764,2012-04-25-00,0.75,1.0
765,2012-04-26-00,0.0,0.0
766,2012-04-27-00,0.0,0.0
767,2012-04-28-00,0.22233333333333336,0.0
768,2012-04-30-00,0.0,0.0
769,2012-05-01-00,0.3333333333333333,0.0
770,2012-05-02-00,0.5,0.5
771,2012-05-03-00,0.75,1.0
772,2012-05-04-00,0.16666666666666666,0.0
773,2012-05-05-00,0.42857142857142855,0.0
774,2012-05-06-00,0.15,0.0
775,2012-05-07-00,0.0,0.0
776,2012-05-08-00,0.48608333333333337,0.4165
777,2012-05-09-00,0.0,0.0
778,2012-05-10-00,0.27614285714285713,0.0
779,2012-05-11-00,0.540125,0.6605
780,2012-05-12-00,0.5,0.5
781,2012-05-14-00,0.39999999999999997,0.0
782,2012-05-15-00,0.0,0.0
783,2012-05-16-00,0.0,0.0
784,2012-05-17-00,0.38166666666666665,0.25
785,2012-05-18-00,0.5,0.5
786,2012-05-19-00,0.45,0.5
787,2012-05-21-00,0.5,0.5
788,2012-05-22-00,0.3333333333333333,0.0
789,2012-05-23-00,0.35,0.2
790,2012-05-24-00,0.667,0.667
791,2012-05-26-00,0.16675,0.0
792,2012-05-27-00,0.3333333333333333,0.0
793,2012-05-28-00,0.0,0.0
794,2012-05-29-00,0.0,0.0
795,2012-05-30-00,0.5,0.5
796,2012-05-31-00,0.5714285714285714,1.0
797,2012-06-01-00,0.40154545454545454,0.5
798,2012-06-02-00,0.35714285714285715,0.0
799,2012-06-03-00,0.3333333333333333,0.0
800,2012-06-04-00,0.0,0.0
801,2012-06-05-00,1.0,1.0
802,2012-06-06-00,0.5,0.5
803,2012-06-07-00,0.0,0.0
804,2012-06-08-00,0.5,0.5
805,2012-06-09-00,0.53125,0.625
806,2012-06-11-00,0.2,0.0
807,2012-06-12-00,0.41133333333333333,0.5
808,2012-06-13-00,0.25,0.0
809,2012-06-14-00,0.5,0.5
810,2012-06-15-00,0.325,0.25
811,2012-06-16-00,0.75,0.75
812,2012-06-17-00,0.3333333333333333,0.0
813,2012-06-18-00,0.5,0.5
814,2012-06-19-00,0.16666666666666666,0.0
815,2012-06-20-00,0.425,0.25
816,2012-06-21-00,0.16675,0.0
817,2012-06-22-00,0.375,0.0
818,2012-06-23-00,0.5595714285714285,0.667
819,2012-06-24-00,1.0,1.0
820,2012-06-25-00,0.0,0.0
821,2012-06-26-00,0.0,0.0
822,2012-06-27-00,0.0,0.0
823,2012-06-28-00,0.75,0.75
824,2012-06-29-00,0.6666666666666666,1.0
825,2012-06-30-00,0.5,0.5
826,2012-07-01-00,1.0,1.0
827,2012-07-02-00,0.7,0.9
828,2012-07-03-00,0.5,0.5
829,2012-07-04-00,0.4,0.0
830,2012-07-05-00,0.0,0.0
831,2012-07-07-00,0.5,0.5
832,2012-07-08-00,0.0,0.0
833,2012-07-09-00,1.0,1.0
834,2012-07-10-00,0.0,0.0
835,2012-07-11-00,0.25,0.0
836,2012-07-12-00,0.1,0.0
837,2012-07-13-00,0.23814285714285716,0.0
838,2012-07-14-00,0.0,0.0
839,2012-07-16-00,0.25,0.0
840,2012-07-17-00,0.5,0.5
841,2012-07-18-00,0.436,0.5
842,2012-07-19-00,0.5513333333333333,0.962
843,2012-07-20-00,0.25,0.0
844,2012-07-21-00,0.4165,0.4165
845,2012-07-23-00,0.26445454545454544,0.0
846,2012-07-24-00,0.0,0.0
847,2012-07-25-00,0.14285714285714285,0.0
848,2012-07-26-00,0.11538461538461539,0.0
849,2012-07-27-00,0.4642857142857143,0.5
850,2012-07-28-00,0.8889999999999999,1.0
851,2012-07-29-00,0.25,0.25
852,2012-07-30-00,0.475,0.4
853,2012-07-31-00,0.66675,0.8335
854,2012-08-01-00,0.5,0.5
855,2012-08-02-00,0.4,0.0
856,2012-08-03-00,0.5556666666666666,0.667
857,2012-08-04-00,1.0,1.0
858,2012-08-05-00,0.25,0.0
859,2012-08-06-00,0.1,0.0
860,2012-08-07-00,0.5,0.5
861,2012-08-08-00,0.5,0.5
862,2012-08-09-00,0.3333333333333333,0.0
863,2012-08-10-00,0.4,0.0
864,2012-08-12-00,0.0,0.0
865,2012-08-13-00,0.6666666666666666,1.0
866,2012-08-14-00,1.0,1.0
867,2012-08-15-00,0.325,0.0
868,2012-08-16-00,1.0,1.0
869,2012-08-17-00,0.4230769230769231,0.0
870,2012-08-18-00,0.0,0.0
871,2012-08-19-00,1.0,1.0
872,2012-08-20-00,0.846,0.846
873,2012-08-21-00,0.71425,0.9285
874,2012-08-22-00,0.0,0.0
875,2012-08-23-00,0.2714285714285714,0.0
876,2012-08-24-00,0.4615,0.4615
877,2012-08-25-00,0.2,0.0
878,2012-08-27-00,0.375,0.375
879,2012-08-28-00,0.8,0.8
880,2012-08-29-00,0.583375,0.8335
881,2012-08-30-00,0.0,0.0
882,2012-08-31-00,0.3,0.0
883,2012-09-01-00,0.0,0.0
884,2012-09-02-00,0.3333333333333333,0.0
885,2012-09-03-00,0.2805714285714286,0.0
886,2012-09-04-00,0.0,0.0
887,2012-09-05-00,0.49,0.47
888,2012-09-06-00,0.66675,0.8335
889,2012-09-07-00,0.188,0.0
890,2012-09-08-00,0.275,0.25
891,2012-09-09-00,0.667,0.667
892,2012-09-10-00,0.22233333333333336,0.0
893,2012-09-11-00,0.5,0.5
894,2012-09-12-00,0.375,0.25
895,2012-09-13-00,0.6,1.0
896,2012-09-14-00,0.5,0.5
897,2012-09-15-00,0.29475,0.1665
898,2012-09-16-00,0.3333333333333333,0.0
899,2012-09-17-00,0.39285714285714285,0.0
900,2012-09-18-00,0.1590909090909091,0.0
901,2012-09-19-00,0.5,0.5
902,2012-09-20-00,0.25,0.0
903,2012-09-21-00,0.5713333333333334,0.714
904,2012-09-22-00,1.0,1.0
905,2012-09-23-00,0.26136363636363635,0.0
906,2012-09-24-00,0.5,0.5
907,2012-09-25-00,0.47225,0.4445
908,2012-09-26-00,0.35,0.0
909,2012-09-27-00,0.9523333333333334,1.0
910,2012-09-28-00,0.0,0.0
911,2012-09-29-00,0.6666666666666666,1.0
912,2012-09-30-00,0.0,0.0
913,2012-10-01-00,0.952,0.952
914,2012-10-02-00,0.397,0.397
915,2012-10-03-00,0.97,0.97
916,2012-10-04-00,0.495,0.48
917,2012-10-05-00,0.3333333333333333,0.0
918,2012-10-06-00,0.745,0.99
919,2012-10-07-00,0.0,0.0
920,2012-10-08-00,1.0,1.0
921,2012-10-09-00,0.75,1.0
922,2012-10-10-00,0.667,0.667
923,2012-10-11-00,0.25,0.0
924,2012-10-12-00,0.5599999999999999,0.8
925,2012-10-13-00,0.375,0.375
926,2012-10-14-00,0.976,0.976
927,2012-10-15-00,0.275,0.05
928,2012-10-16-00,0.5,0.5
929,2012-10-17-00,0.5556666666666666,0.667
930,2012-10-18-00,0.0,0.0
931,2012-10-19-00,0.1111111111111111,0.0
932,2012-10-20-00,0.5833333333333334,0.75
933,2012-10-21-00,0.4166,0.333
934,2012-10-22-00,0.0,0.0
935,2012-10-23-00,0.361,0.333
936,2012-10-24-00,0.32142857142857145,0.0
937,2012-10-25-00,0.2979,0.125
938,2012-10-26-00,0.2,0.0
939,2012-10-27-00,0.35760000000000003,0.0
940,2012-10-29-00,0.4166666666666667,0.4
941,2012-10-30-00,0.0,0.0
942,2012-10-31-00,0.0,0.0
943,2012-11-01-00,0.875,0.875
944,2012-11-02-00,1.0,1.0
945,2012-11-03-00,0.5,0.5
946,2012-11-04-00,0.5,0.5
947,2012-11-05-00,0.125,0.0
948,2012-11-06-00,0.667,0.667
949,2012-11-07-00,0.2,0.0
950,2012-11-08-00,0.5251,0.5665
951,2012-11-09-00,0.275,0.0
952,2012-11-10-00,0.375,0.0
953,2012-11-11-00,0.4285,0.357
954,2012-11-12-00,0.08325,0.0
955,2012-11-13-00,0.3333333333333333,0.0
956,2012-11-14-00,0.0,0.0
957,2012-11-15-00,0.0,0.0
958,2012-11-16-00,0.23076923076923078,0.0
959,2012-11-17-00,0.5488571428571428,0.842
960,2012-11-18-00,0.0,0.0
961,2012-11-19-00,0.25,0.0
962,2012-11-20-00,0.3974615384615384,0.0
963,2012-11-21-00,0.11538461538461539,0.0
964,2012-11-22-00,0.36669999999999997,0.0
965,2012-11-23-00,0.041666666666666664,0.0
966,2012-11-24-00,0.25,0.0
967,2012-11-25-00,0.0,0.0
968,2012-11-26-00,0.4,0.0
969,2012-11-27-00,0.25,0.0
970,2012-11-28-00,0.41675,0.3335
971,2012-11-29-00,0.14285714285714285,0.0
972,2012-11-30-00,0.22226666666666667,0.0
973,2012-12-01-00,0.20833333333333334,0.0
974,2012-12-02-00,0.0,0.0
975,2012-12-03-00,0.07142857142857142,0.0
976,2012-12-04-00,0.3125,0.0
977,2012-12-05-00,0.46375,0.25
978,2012-12-06-00,0.2857142857142857,0.0
979,2012-12-07-00,0.25,0.0
980,2012-12-08-00,0.2,0.0
981,2012-12-09-00,0.3215,0.0
982,2012-12-10-00,0.2834,0.0
983,2012-12-11-00,0.1,0.0
984,2012-12-12-00,0.22245454545454546,0.0
985,2012-12-13-00,0.23149999999999998,0.0
986,2012-12-14-00,0.33899999999999997,0.0
987,2012-12-15-00,0.4375,0.25
988,2012-12-16-00,0.25,0.0
989,2012-12-17-00,0.13636363636363635,0.0
990,2012-12-18-00,0.25,0.0
991,2012-12-19-00,0.31666666666666665,0.0
992,2012-12-20-00,0.25,0.0
993,2012-12-21-00,0.3225806451612903,0.0
994,2012-12-22-00,0.25,0.0
995,2012-12-23-00,0.16666666666666666,0.0
996,2012-12-24-00,0.3235294117647059,0.0
997,2012-12-25-00,0.25,0.0
998,2012-12-26-00,0.125,0.0
999,2012-12-27-00,0.3128461538461539,0.0
1000,2012-12-28-00,0.2222222222222222,0.0
1001,2012-12-29-00,0.0,0.0
1002,2012-12-30-00,0.0,0.0
1003,2012-12-31-00,0.32983333333333337,0.0
1004,2013-01-01-00,0.6666666666666666,1.0
1005,2013-01-02-00,0.05555555555555555,0.0
1006,2013-01-03-00,0.2777777777777778,0.0
1007,2013-01-04-00,0.20833333333333334,0.0
1008,2013-01-05-00,0.3611111111111111,0.0
1009,2013-01-06-00,0.38099999999999995,0.0
1010,2013-01-07-00,0.3125,0.0
1011,2013-01-08-00,0.2222222222222222,0.0
1012,2013-01-09-00,0.4117647058823529,0.0
1013,2013-01-10-00,0.14285714285714285,0.0
1014,2013-01-11-00,0.4423076923076923,0.0
1015,2013-01-12-00,0.125,0.0
1016,2013-01-13-00,0.25217391304347825,0.0
1017,2013-01-14-00,0.125,0.0
1018,2013-01-15-00,0.15384615384615385,0.0
1019,2013-01-16-00,0.19852941176470587,0.0
1020,2013-01-17-00,0.1111111111111111,0.0
1021,2013-01-18-00,0.4,0.0
1022,2013-01-19-00,0.16666666666666666,0.0
1023,2013-01-20-00,0.25,0.0
1024,2013-01-21-00,0.14285714285714285,0.0
1025,2013-01-22-00,0.28064999999999996,0.0
1026,2013-01-23-00,0.10253846153846154,0.0
1027,2013-01-24-00,0.5,0.5
1028,2013-01-25-00,0.14775,0.0
1029,2013-01-26-00,0.05555555555555555,0.0
1030,2013-01-27-00,0.2,0.0
1031,2013-01-28-00,0.484375,0.4375
1032,2013-01-29-00,0.5,0.5
1033,2013-01-30-00,0.18823076923076923,0.0
1034,2013-01-31-00,0.4444444444444444,0.0
1035,2013-02-01-00,0.030272727272727274,0.0
1036,2013-02-02-00,0.1111111111111111,0.0
1037,2013-02-03-00,0.5,0.5
1038,2013-02-04-00,0.23333333333333334,0.0
1039,2013-02-05-00,0.35714285714285715,0.0
1040,2013-02-06-00,0.5203888888888889,0.5835
1041,2013-02-07-00,0.10344827586206896,0.0
1042,2013-02-08-00,0.2778,0.0
1043,2013-02-09-00,0.08333333333333333,0.0
1044,2013-02-10-00,0.2222222222222222,0.0
1045,2013-02-11-00,0.1666875,0.0
1046,2013-02-12-00,0.0,0.0
1047,2013-02-13-00,0.27941176470588236,0.0
1048,2013-02-14-00,0.18181818181818182,0.0
1049,2013-02-15-00,0.15789473684210525,0.0
1050,2013-02-16-00,0.3860952380952381,0.0
1051,2013-02-17-00,0.16666666666666666,0.0
1052,2013-02-18-00,0.2533333333333333,0.0
1053,2013-02-19-00,0.175,0.0
1054,2013-02-20-00,0.1958,0.0
1055,2013-02-21-00,0.07692307692307693,0.0
1056,2013-02-22-00,0.4666,0.333
1057,2013-02-23-00,0.39285714285714285,0.0
1058,2013-02-24-00,0.35714285714285715,0.0
1059,2013-02-25-00,0.2101304347826087,0.0
1060,2013-02-26-00,0.16666666666666666,0.0
1061,2013-02-27-00,0.23809523809523808,0.0
1062,2013-02-28-00,0.16666666666666666,0.0
1063,2013-03-01-00,0.42857142857142855,0.0
1064,2013-03-02-00,0.38099999999999995,0.0
1065,2013-03-03-00,0.1,0.0
1066,2013-03-04-00,0.3,0.0
1067,2013-03-05-00,0.0,0.0
1068,2013-03-06-00,0.15625,0.0
1069,2013-03-07-00,0.2142777777777778,0.0
1070,2013-03-08-00,0.3076923076923077,0.0
1071,2013-03-09-00,0.296875,0.0
1072,2013-03-10-00,0.0,0.0
1073,2013-03-11-00,0.5,0.5
1074,2013-03-12-00,0.14285714285714285,0.0
1075,2013-03-13-00,0.10123076923076924,0.0
1076,2013-03-14-00,0.11108333333333333,0.0
1077,2013-03-15-00,0.3,0.0
1078,2013-03-16-00,0.11908333333333333,0.0
1079,2013-03-17-00,0.36363636363636365,0.0
1080,2013-03-18-00,0.4479166666666667,0.3125
1081,2013-03-19-00,0.325,0.0
1082,2013-03-20-00,0.20052941176470587,0.0
1083,2013-03-21-00,0.058823529411764705,0.0
1084,2013-03-22-00,0.0,0.0
1085,2013-03-23-00,0.0,0.0
1086,2013-03-24-00,0.13043478260869565,0.0
1087,2013-03-25-00,0.3076923076923077,0.0
1088,2013-03-26-00,0.22727272727272727,0.0
1089,2013-03-27-00,0.12242857142857143,0.0
1090,2013-03-28-00,0.17857142857142858,0.0
1091,2013-03-29-00,0.21153846153846154,0.0
1092,2013-03-30-00,0.0,0.0
1093,2013-03-31-00,0.0,0.0
1094,2013-04-01-00,0.1735294117647059,0.0
1095,2013-04-02-00,0.125,0.0
1096,2013-04-03-00,0.19230769230769232,0.0
1097,2013-04-04-00,0.058823529411764705,0.0
1098,2013-04-05-00,0.14285714285714285,0.0
1099,2013-04-06-00,0.23043478260869565,0.0
1100,2013-04-07-00,0.05555555555555555,0.0
1101,2013-04-08-00,0.15269230769230768,0.0
1102,2013-04-09-00,0.1875,0.0
1103,2013-04-10-00,0.0,0.0
1104,2013-04-11-00,0.16666666666666666,0.0
1105,2013-04-12-00,0.2857142857142857,0.0
1106,2013-04-13-00,0.19230769230769232,0.0
1107,2013-04-14-00,0.619,0.857
1108,2013-04-15-00,0.21428571428571427,0.0
1109,2013-04-16-00,0.16666666666666666,0.0
1110,2013-04-17-00,0.25,0.0
1111,2013-04-18-00,0.3076923076923077,0.0
1112,2013-04-19-00,0.3095,0.0
1113,2013-04-20-00,0.25,0.0
1114,2013-04-21-00,0.19736842105263158,0.0
1115,2013-04-22-00,0.35714285714285715,0.0
1116,2013-04-23-00,0.3125,0.0
1117,2013-04-24-00,0.36669999999999997,0.0
1118,2013-04-25-00,0.14285714285714285,0.0
1119,2013-04-26-00,0.0,0.0
1120,2013-04-27-00,0.2,0.0
1121,2013-04-28-00,0.5,0.5
1122,2013-04-29-00,0.16,0.0
1123,2013-04-30-00,0.5,0.5
1124,2013-05-01-00,0.2222222222222222,0.0
1125,2013-05-02-00,0.0,0.0
1126,2013-05-03-00,0.25,0.0
1127,2013-05-04-00,0.125,0.0
1128,2013-05-05-00,0.5,0.5
1129,2013-05-06-00,0.0,0.0
1130,2013-05-07-00,0.1,0.0
1131,2013-05-08-00,0.2,0.0
1132,2013-05-09-00,0.26666666666666666,0.0
1133,2013-05-10-00,0.0,0.0
1134,2013-05-11-00,0.2727272727272727,0.0
1135,2013-05-12-00,0.0,0.0
1136,2013-05-13-00,0.16045454545454546,0.0
1137,2013-05-14-00,0.0416875,0.0
1138,2013-05-15-00,0.17779999999999999,0.0
1139,2013-05-16-00,0.4,0.0
1140,2013-05-17-00,0.1,0.0
1141,2013-05-18-00,0.5835,0.5835
1142,2013-05-19-00,0.125,0.0
1143,2013-05-20-00,0.41315,0.125
1144,2013-05-21-00,0.5833333333333334,0.75
1145,2013-05-22-00,0.21428571428571427,0.0
1146,2013-05-23-00,0.4,0.0
1147,2013-05-24-00,0.33338461538461533,0.0
1148,2013-05-25-00,0.31606666666666666,0.0
1149,2013-05-26-00,0.09090909090909091,0.0
1150,2013-05-27-00,0.5,0.5
1151,2013-05-28-00,0.3333333333333333,0.0
1152,2013-05-29-00,0.0,0.0
1153,2013-05-30-00,0.08,0.0
1154,2013-05-31-00,0.14285714285714285,0.0
1155,2013-06-01-00,0.17307692307692307,0.0
1156,2013-06-02-00,0.0,0.0
1157,2013-06-03-00,0.506625,0.5265
1158,2013-06-04-00,0.8889999999999999,1.0
1159,2013-06-05-00,0.12966666666666668,0.0
1160,2013-06-06-00,0.0,0.0
1161,2013-06-07-00,0.08333333333333333,0.0
1162,2013-06-08-00,0.2222222222222222,0.0
1163,2013-06-09-00,0.75,1.0
1164,2013-06-10-00,0.42857142857142855,0.0
1165,2013-06-11-00,0.1875,0.0
1166,2013-06-12-00,0.16666666666666666,0.0
1167,2013-06-13-00,0.0,0.0
1168,2013-06-14-00,0.4026363636363637,0.0
1169,2013-06-15-00,0.25,0.0
1170,2013-06-16-00,0.16363636363636364,0.0
1171,2013-06-17-00,0.09090909090909091,0.0
1172,2013-06-18-00,0.1,0.0
1173,2013-06-19-00,0.25,0.0
1174,2013-06-20-00,0.0,0.0
1175,2013-06-21-00,0.2210526315789474,0.0
1176,2013-06-22-00,0.14285714285714285,0.0
1177,2013-06-23-00,0.4714285714285714,0.5
1178,2013-06-24-00,0.24446666666666667,0.0
1179,2013-06-25-00,0.0,0.0
1180,2013-06-26-00,0.14275,0.0
1181,2013-06-27-00,0.10253846153846154,0.0
1182,2013-06-28-00,0.5,0.5
1183,2013-06-29-00,0.0,0.0
1184,2013-06-30-00,0.1,0.0
1185,2013-07-01-00,0.41675,0.3335
1186,2013-07-02-00,0.36363636363636365,0.0
1187,2013-07-03-00,0.16666666666666666,0.0
1188,2013-07-04-00,0.0,0.0
1189,2013-07-05-00,0.36363636363636365,0.0
1190,2013-07-06-00,0.04446666666666667,0.0
1191,2013-07-07-00,0.14285714285714285,0.0
1192,2013-07-08-00,0.15433333333333332,0.0
1193,2013-07-09-00,0.18421052631578946,0.0
1194,2013-07-10-00,0.0,0.0
1195,2013-07-11-00,0.07142857142857142,0.0
1196,2013-07-12-00,0.5,0.5
1197,2013-07-13-00,0.2857142857142857,0.0
1198,2013-07-14-00,0.47614285714285715,0.333
1199,2013-07-15-00,0.2222222222222222,0.0
1200,2013-07-16-00,0.21428571428571427,0.0
1201,2013-07-17-00,0.0625,0.0
1202,2013-07-18-00,0.16666666666666666,0.0
1203,2013-07-19-00,0.15384615384615385,0.0
1204,2013-07-20-00,0.125,0.0
1205,2013-07-21-00,0.16666666666666666,0.0
1206,2013-07-22-00,0.0,0.0
1207,2013-07-23-00,0.2727272727272727,0.0
1208,2013-07-24-00,0.318,0.318
1209,2013-07-25-00,0.2222222222222222,0.0
1210,2013-07-26-00,0.0,0.0
1211,2013-07-27-00,0.0,0.0
1212,2013-07-28-00,0.03571428571428571,0.0
1213,2013-07-29-00,0.375,0.0
1214,2013-07-30-00,0.4166666666666667,0.0
1215,2013-07-31-00,0.0,0.0
1216,2013-08-01-00,0.0,0.0
1217,2013-08-02-00,0.2222222222222222,0.0
1218,2013-08-03-00,0.15384615384615385,0.0
1219,2013-08-04-00,0.0,0.0
1220,2013-08-05-00,0.16666666666666666,0.0
1221,2013-08-06-00,0.2857142857142857,0.0
1222,2013-08-07-00,0.3308,0.0
1223,2013-08-08-00,0.31747619047619047,0.0
1224,2013-08-09-00,0.27271428571428574,0.0
1225,2013-08-10-00,0.1,0.0
1226,2013-08-11-00,0.3333333333333333,0.0
1227,2013-08-12-00,0.14285714285714285,0.0
1228,2013-08-13-00,0.3333333333333333,0.0
1229,2013-08-14-00,0.0,0.0
1230,2013-08-15-00,0.3333333333333333,0.0
1231,2013-08-16-00,0.41669999999999996,0.25
1232,2013-08-17-00,0.125,0.0
1233,2013-08-18-00,0.15688235294117647,0.0
1234,2013-08-19-00,0.0,0.0
1235,2013-08-20-00,0.125,0.0
1236,2013-08-21-00,0.4666,0.333
1237,2013-08-22-00,0.2857142857142857,0.0
1238,2013-08-23-00,0.25,0.0
1239,2013-08-24-00,0.0,0.0
1240,2013-08-25-00,0.1346153846153846,0.0
1241,2013-08-26-00,0.16666666666666666,0.0
1242,2013-08-27-00,0.48,0.4
1243,2013-08-28-00,0.3,0.0
1244,2013-08-29-00,0.0,0.0
1245,2013-08-30-00,0.18056250000000001,0.0
1246,2013-08-31-00,0.5454545454545454,0.5
1247,2013-09-01-00,0.07142857142857142,0.0
1248,2013-09-02-00,0.3,0.0
1249,2013-09-03-00,0.3125,0.0
1250,2013-09-04-00,0.19444444444444445,0.0
1251,2013-09-05-00,0.1875,0.0
1252,2013-09-06-00,0.5,0.5
1253,2013-09-07-00,0.125,0.0
1254,2013-09-08-00,0.23529411764705882,0.0
1255,2013-09-09-00,0.16666666666666666,0.0
1256,2013-09-10-00,0.3,0.0
1257,2013-09-11-00,0.4444444444444444,0.0
1258,2013-09-12-00,0.25,0.0
1259,2013-09-13-00,0.06670000000000001,0.0
1260,2013-09-14-00,0.125,0.0
1261,2013-09-15-00,0.1,0.0
1262,2013-09-16-00,0.15688235294117647,0.0
1263,2013-09-17-00,0.07692307692307693,0.0
1264,2013-09-18-00,0.2857142857142857,0.0
1265,2013-09-19-00,0.11764705882352941,0.0
1266,2013-09-20-00,0.2222222222222222,0.0
1267,2013-09-21-00,0.5,0.5
1268,2013-09-22-00,0.14283333333333334,0.0
1269,2013-09-23-00,0.23076923076923078,0.0
1270,2013-09-24-00,0.3076923076923077,0.0
1271,2013-09-25-00,0.0,0.0
1272,2013-09-26-00,0.20833333333333334,0.0
1273,2013-09-27-00,0.3125,0.0
1274,2013-09-28-00,0.25,0.0
1275,2013-09-29-00,0.16666666666666666,0.0
1276,2013-09-30-00,0.5,0.5
1277,2013-10-01-00,0.6666666666666666,1.0
1278,2013-10-02-00,0.224,0.0
1279,2013-10-03-00,0.2,0.0
1280,2013-10-04-00,0.1699090909090909,0.0
1281,2013-10-05-00,0.3,0.0
1282,2013-10-06-00,0.0,0.0
1283,2013-10-07-00,0.0,0.0
1284,2013-10-08-00,0.2857142857142857,0.0
1285,2013-10-09-00,0.0,0.0
1286,2013-10-10-00,0.2819285714285714,0.0
1287,2013-10-11-00,0.29411764705882354,0.0
1288,2013-10-12-00,0.23684210526315788,0.0
1289,2013-10-13-00,0.25,0.0
1290,2013-10-14-00,0.18181818181818182,0.0
1291,2013-10-15-00,0.0,0.0
1292,2013-10-16-00,0.58925,0.857
1293,2013-10-17-00,0.07692307692307693,0.0
1294,2013-10-18-00,0.2,0.0
1295,2013-10-19-00,0.2778333333333333,0.0
1296,2013-10-20-00,0.09375,0.0
1297,2013-10-21-00,0.4166666666666667,0.25
1298,2013-10-22-00,0.0,0.0
1299,2013-10-23-00,0.125,0.0
1300,2013-10-24-00,0.5714285714285714,1.0
1301,2013-10-25-00,0.18181818181818182,0.0
1302,2013-10-26-00,0.18181818181818182,0.0
1303,2013-10-27-00,0.0,0.0
1304,2013-10-28-00,0.0,0.0
1305,2013-10-29-00,0.11764705882352941,0.0
1306,2013-10-30-00,0.13333333333333333,0.0
1307,2013-10-31-00,0.06666666666666667,0.0
1308,2013-11-01-00,0.3,0.0
1309,2013-11-02-00,0.21875,0.0
1310,2013-11-03-00,0.05172413793103448,0.0
1311,2013-11-04-00,0.19161904761904763,0.0
1312,2013-11-05-00,0.23809523809523808,0.0
1313,2013-11-06-00,0.125,0.0
1314,2013-11-07-00,0.19255555555555556,0.0
1315,2013-11-08-00,0.05558333333333334,0.0
1316,2013-11-09-00,0.2222222222222222,0.0
1317,2013-11-10-00,0.25,0.0
1318,2013-11-11-00,0.16666666666666666,0.0
1319,2013-11-12-00,0.16666666666666666,0.0
1320,2013-11-13-00,0.3055555555555556,0.0
1321,2013-11-14-00,0.43636363636363634,0.0
1322,2013-11-15-00,0.125,0.0
1323,2013-11-16-00,0.5625,0.75
1324,2013-11-17-00,0.15625,0.0
1325,2013-11-18-00,0.25,0.0
1326,2013-11-19-00,0.3181818181818182,0.0
1327,2013-11-20-00,0.2631578947368421,0.0
1328,2013-11-21-00,0.2,0.0
1329,2013-11-22-00,0.3076923076923077,0.0
1330,2013-11-23-00,0.125,0.0
1331,2013-11-24-00,0.0,0.0
1332,2013-11-25-00,0.1809375,0.0
1333,2013-11-26-00,0.13333333333333333,0.0
1334,2013-11-27-00,0.0625,0.0
1335,2013-11-28-00,0.2121111111111111,0.0
1336,2013-11-29-00,0.23076923076923078,0.0
1337,2013-11-30-00,0.0,0.0
1338,2013-12-01-00,0.19042857142857142,0.0
1339,2013-12-02-00,0.16666666666666666,0.0
1340,2013-12-03-00,0.2,0.0
1341,2013-12-04-00,0.2222222222222222,0.0
1342,2013-12-05-00,0.375,0.0
1343,2013-12-06-00,0.18181818181818182,0.0
1344,2013-12-07-00,0.2727272727272727,0.0
1345,2013-12-08-00,0.0,0.0
1346,2013-12-09-00,0.07083333333333333,0.0
1347,2013-12-10-00,0.0,0.0
1348,2013-12-11-00,0.06666666666666667,0.0
1349,2013-12-12-00,0.26666666666666666,0.0
1350,2013-12-13-00,0.0,0.0
1351,2013-12-14-00,0.1111111111111111,0.0
1352,2013-12-15-00,0.06063636363636364,0.0
1353,2013-12-16-00,0.18518518518518517,0.0
1354,2013-12-17-00,0.15,0.0
1355,2013-12-18-00,0.16666666666666666,0.0
1356,2013-12-19-00,0.3333333333333333,0.0
1357,2013-12-20-00,0.0,0.0
1358,2013-12-21-00,0.3333333333333333,0.0
1359,2013-12-22-00,0.25,0.0
1360,2013-12-23-00,0.7,1.0
1361,2013-12-24-00,0.2,0.0
1362,2013-12-25-00,0.0,0.0
1363,2013-12-26-00,0.18375,0.0
1364,2013-12-27-00,0.10714285714285714,0.0
1365,2013-12-28-00,0.09375,0.0
1366,2013-12-29-00,0.1111111111111111,0.0
1367,2013-12-30-00,0.11764705882352941,0.0
1368,2013-12-31-00,0.10714285714285714,0.0
1369,2014-01-01-00,0.07142857142857142,0.0
1370,2014-01-02-00,0.08823529411764706,0.0
1371,2014-01-03-00,0.10416666666666667,0.0
1372,2014-01-04-00,0.08695652173913043,0.0
1373,2014-01-05-00,0.125,0.0
1374,2014-01-06-00,0.22127586206896552,0.0
1375,2014-01-07-00,0.056818181818181816,0.0
1376,2014-01-08-00,0.19046428571428572,0.0
1377,2014-01-09-00,0.07142857142857142,0.0
1378,2014-01-10-00,0.25,0.0
1379,2014-01-11-00,0.125,0.0
1380,2014-01-12-00,0.15384615384615385,0.0
1381,2014-01-13-00,0.17045454545454544,0.0
1382,2014-01-14-00,0.23076923076923078,0.0
1383,2014-01-15-00,0.4175714285714286,0.0
1384,2014-01-16-00,0.16666666666666666,0.0
1385,2014-01-17-00,0.25,0.0
1386,2014-01-18-00,0.07692307692307693,0.0
1387,2014-01-19-00,0.0,0.0
1388,2014-01-20-00,0.4,0.0
1389,2014-01-21-00,0.23529411764705882,0.0
1390,2014-01-22-00,0.2,0.0
1391,2014-01-23-00,0.0,0.0
1392,2014-01-24-00,0.21428571428571427,0.0
1393,2014-01-25-00,0.14285714285714285,0.0
1394,2014-01-26-00,0.15835,0.0
1395,2014-01-27-00,0.05555555555555555,0.0
1396,2014-01-28-00,0.14285714285714285,0.0
1397,2014-01-29-00,0.25,0.0
1398,2014-01-30-00,0.11764705882352941,0.0
1399,2014-01-31-00,0.2,0.0
1400,2014-02-01-00,0.1111111111111111,0.0
1401,2014-02-02-00,0.42857142857142855,0.0
1402,2014-02-03-00,0.1111111111111111,0.0
1403,2014-02-04-00,0.15384615384615385,0.0
1404,2014-02-05-00,0.2,0.0
1405,2014-02-06-00,0.0,0.0
1406,2014-02-07-00,0.23529411764705882,0.0
1407,2014-02-08-00,0.2857142857142857,0.0
1408,2014-02-09-00,0.23335,0.0
1409,2014-02-10-00,0.15384615384615385,0.0
1410,2014-02-11-00,0.127,0.0
1411,2014-02-12-00,0.0,0.0
1412,2014-02-13-00,0.3333333333333333,0.0
1413,2014-02-14-00,0.10714285714285714,0.0
1414,2014-02-15-00,0.0,0.0
1415,2014-02-16-00,0.0,0.0
1416,2014-02-17-00,0.17779999999999999,0.0
1417,2014-02-18-00,0.06666666666666667,0.0
1418,2014-02-19-00,0.08695652173913043,0.0
1419,2014-02-20-00,0.06666666666666667,0.0
1420,2014-02-21-00,0.1,0.0
1421,2014-02-22-00,0.06666666666666667,0.0
1422,2014-02-23-00,0.0,0.0
1423,2014-02-24-00,0.09375,0.0
1424,2014-02-25-00,0.1,0.0
1425,2014-02-26-00,0.1,0.0
1426,2014-02-27-00,0.10526315789473684,0.0
1427,2014-02-28-00,0.2631578947368421,0.0
1428,2014-03-01-00,0.09090909090909091,0.0
1429,2014-03-02-00,0.14285714285714285,0.0
1430,2014-03-03-00,0.0,0.0
1431,2014-03-04-00,0.05,0.0
1432,2014-03-05-00,0.22727272727272727,0.0
1433,2014-03-06-00,0.07692307692307693,0.0
1434,2014-03-07-00,0.25,0.0
1435,2014-03-08-00,0.0625,0.0
1436,2014-03-09-00,0.125,0.0
1437,2014-03-10-00,0.11538461538461539,0.0
1438,2014-03-11-00,0.171875,0.0
1439,2014-03-12-00,0.2,0.0
1440,2014-03-13-00,0.08333333333333333,0.0
1441,2014-03-14-00,0.06818181818181818,0.0
1442,2014-03-15-00,0.06666666666666667,0.0
1443,2014-03-16-00,0.13636363636363635,0.0
1444,2014-03-17-00,0.07692307692307693,0.0
1445,2014-03-18-00,0.1111111111111111,0.0
1446,2014-03-19-00,0.35294117647058826,0.0
1447,2014-03-20-00,0.19047619047619047,0.0
1448,2014-03-21-00,0.25,0.0
1449,2014-03-22-00,0.05555555555555555,0.0
1450,2014-03-23-00,0.0,0.0
1451,2014-03-24-00,0.2857142857142857,0.0
1452,2014-03-25-00,0.14285714285714285,0.0
1453,2014-03-26-00,0.275,0.0
1454,2014-03-27-00,0.18421052631578946,0.0
1455,2014-03-28-00,0.0,0.0
1456,2014-03-29-00,0.4583333333333333,0.375
1457,2014-03-30-00,0.0,0.0
1458,2014-03-31-00,0.07142857142857142,0.0
1459,2014-04-01-00,0.0,0.0
1460,2014-04-02-00,0.08333333333333333,0.0
1461,2014-04-03-00,0.15,0.0
1462,2014-04-04-00,0.058823529411764705,0.0
1463,2014-04-05-00,0.16666666666666666,0.0
1464,2014-04-06-00,0.2857142857142857,0.0
1465,2014-04-07-00,0.08571428571428572,0.0
1466,2014-04-08-00,0.13333333333333333,0.0
1467,2014-04-09-00,0.17857142857142858,0.0
1468,2014-04-10-00,0.11764705882352941,0.0
1469,2014-04-11-00,0.3333333333333333,0.0
1470,2014-04-12-00,0.2222222222222222,0.0
1471,2014-04-13-00,0.09090909090909091,0.0
1472,2014-04-14-00,1.0,1.0
1473,2014-04-15-00,0.0,0.0
1474,2014-04-16-00,0.07142857142857142,0.0
1475,2014-04-17-00,0.1111111111111111,0.0
1476,2014-04-18-00,0.3076923076923077,0.0
1477,2014-04-19-00,0.2666,0.0
1478,2014-04-20-00,0.08333333333333333,0.0
1479,2014-04-21-00,0.10526315789473684,0.0
1480,2014-04-22-00,0.0,0.0
1481,2014-04-23-00,0.05555555555555555,0.0
1482,2014-04-24-00,0.0,0.0
1483,2014-04-25-00,0.125,0.0
1484,2014-04-26-00,0.0,0.0
1485,2014-04-27-00,0.08333333333333333,0.0
1486,2014-04-28-00,0.1125,0.0
1487,2014-04-29-00,0.045454545454545456,0.0
1488,2014-04-30-00,0.0,0.0
1489,2014-05-01-00,0.2857142857142857,0.0
1490,2014-05-02-00,0.08333333333333333,0.0
1491,2014-05-03-00,0.125,0.0
1492,2014-05-04-00,0.3333333333333333,0.0
1493,2014-05-05-00,0.2857142857142857,0.0
1494,2014-05-06-00,0.23809523809523808,0.0
1495,2014-05-07-00,0.04285714285714286,0.0
1496,2014-05-08-00,0.1111111111111111,0.0
1497,2014-05-09-00,0.18181818181818182,0.0
1498,2014-05-10-00,0.05555555555555555,0.0
1499,2014-05-11-00,0.1111111111111111,0.0
1500,2014-05-12-00,0.09090909090909091,0.0
1501,2014-05-13-00,0.0,0.0
1502,2014-05-14-00,0.14285714285714285,0.0
1503,2014-05-15-00,0.18181818181818182,0.0
1504,2014-05-16-00,0.4,0.0
1505,2014-05-17-00,0.125,0.0
1506,2014-05-18-00,0.5,0.5
1507,2014-05-19-00,0.09375,0.0
1508,2014-05-20-00,0.2,0.0
1509,2014-05-21-00,0.0,0.0
1510,2014-05-22-00,0.09090909090909091,0.0
1511,2014-05-23-00,0.0,0.0
1512,2014-05-24-00,0.0,0.0
1513,2014-05-25-00,0.25,0.0
1514,2014-05-26-00,0.2857142857142857,0.0
1515,2014-05-27-00,0.0,0.0
1516,2014-05-28-00,0.0625,0.0
1517,2014-05-29-00,0.14285714285714285,0.0
1518,2014-05-30-00,0.2,0.0
1519,2014-05-31-00,0.25,0.0
1520,2014-06-01-00,0.3333333333333333,0.0
1521,2014-06-02-00,0.23076923076923078,0.0
1522,2014-06-03-00,0.125,0.0
1523,2014-06-04-00,0.25,0.0
1524,2014-06-05-00,0.16666666666666666,0.0
1525,2014-06-06-00,0.2222222222222222,0.0
1526,2014-06-07-00,0.05,0.0
1527,2014-06-08-00,0.0,0.0
1528,2014-06-09-00,0.1,0.0
1529,2014-06-10-00,0.0,0.0
1530,2014-06-11-00,0.16666666666666666,0.0
1531,2014-06-12-00,0.0,0.0
1532,2014-06-13-00,0.16,0.0
1533,2014-06-14-00,0.2222222222222222,0.0
1534,2014-06-15-00,0.038461538461538464,0.0
1535,2014-06-16-00,0.0,0.0
1536,2014-06-17-00,0.3,0.0
1537,2014-06-18-00,0.0,0.0
1538,2014-06-19-00,0.18181818181818182,0.0
1539,2014-06-20-00,0.6666666666666666,1.0
1540,2014-06-21-00,0.0,0.0
1541,2014-06-22-00,0.2,0.0
1542,2014-06-23-00,0.14285714285714285,0.0
1543,2014-06-24-00,0.1,0.0
1544,2014-06-25-00,0.0,0.0
1545,2014-06-26-00,0.0,0.0
1546,2014-06-27-00,0.0,0.0
1547,2014-06-28-00,0.0,0.0
1548,2014-06-29-00,0.0,0.0
1549,2014-06-30-00,0.08333333333333333,0.0
1550,2014-07-01-00,0.07407407407407407,0.0
1551,2014-07-02-00,0.0,0.0
1552,2014-07-03-00,0.0,0.0
1553,2014-07-04-00,0.0,0.0
1554,2014-07-05-00,0.0,0.0
1555,2014-07-06-00,0.0,0.0
1556,2014-07-07-00,0.0,0.0
1557,2014-07-08-00,0.0,0.0
1558,2014-07-09-00,0.0,0.0
1559,2014-07-10-00,0.0,0.0
1560,2014-07-11-00,0.0,0.0
1561,2014-07-12-00,0.1,0.0
1562,2014-07-13-00,0.0,0.0
1563,2014-07-14-00,0.0,0.0
1564,2014-07-15-00,0.0,0.0
1565,2014-07-16-00,0.0,0.0
1566,2014-07-19-00,0.0,0.0
1567,2014-07-20-00,0.0,0.0
1568,2014-07-21-00,0.0,0.0
1569,2014-07-22-00,0.0,0.0
